Building_Type,Floor_Area,Number_Of_Occupants,Insulation_Type,Appliance_Count,Average_Temperature,HVAC_Efficiency,Energy_Sources,Peak_Usage_Hours,Annual_Energy_Cost,Energy_Consumption_Class
Residential,3641.73,260.0,Poor,8.0,24.29,0.57,Electric,2.71,4721.19,High
Commercial,2912.43,240.0,Poor,27.0,15.55,0.99,Gas,6.09,2855.82,Medium
Residential,1892.87,14.0,Poor,47.0,9.61,0.6,Gas,9.35,8889.04,Medium
Residential,4162.08,171.0,Poor,10.0,3.8,0.57,Hybrid,9.23,2424.58,Medium
Residential,3581.29,191.0,Poor,39.0,12.6,0.6,Hybrid,3.25,5100.95,High
Commercial,1231.78,200.0,Good,23.0,3.87,0.88,Gas,4.93,6451.29,Low
Residential,4599.17,291.0,Poor,34.0,7.08,0.71,Gas,6.95,7226.78,High
Residential,4201.42,267.0,Poor,17.0,39.49,0.78,Electric,3.28,4447.62,High
Residential,4774.1,304.0,Good,12.0,17.76,0.51,Electric,9.74,8821.89,Low
Commercial,3765.74,383.0,Good,12.0,21.27,0.52,Gas,9.32,6114.87,Low
Residential,3260.37,407.0,Good,8.0,34.94,0.72,Hybrid,3.34,4955.57,Medium
Residential,2382.09,359.0,Good,13.0,39.82,0.91,Gas,2.97,1605.17,Low
Residential,4697.28,478.0,Good,35.0,23.31,0.94,Gas,2.68,5182.21,Low
Residential,4397.29,10.0,Good,45.0,32.5,0.54,Hybrid,9.28,8386.62,Low
Commercial,703.48,99.0,Poor,42.0,13.08,0.77,Hybrid,3.55,6530.87,Low
Residential,618.65,5.0,Poor,36.0,12.23,0.96,Electric,5.33,8489.46,Medium
Commercial,2194.09,324.0,Average,10.0,16.11,0.69,Electric,5.59,5446.11,Medium
Commercial,4147.49,449.0,Poor,18.0,26.9,0.91,Electric,6.79,2066.16,Low
Commercial,4942.74,122.0,Poor,19.0,27.29,0.57,Electric,2.57,1122.76,Low
Residential,1176.88,464.0,Good,16.0,12.61,0.97,Hybrid,3.81,3728.98,Medium
Commercial,3173.59,31.0,Good,28.0,5.33,0.88,Gas,9.45,7281.91,Medium
Residential,2214.01,467.0,Poor,29.0,25.3,0.97,Electric,9.27,8112.34,Low
Commercial,4864.61,176.0,Average,21.0,5.13,0.84,Electric,8.25,3661.78,High
Commercial,4289.54,52.0,Good,21.0,23.14,0.68,Hybrid,2.16,5460.89,Medium
Commercial,4272.48,243.0,Poor,42.0,27.74,0.97,Hybrid,4.62,4790.07,Medium
Commercial,2609.12,129.0,Poor,41.0,28.02,0.64,Gas,7.02,4694.71,Medium
Commercial,2366.69,143.0,Average,19.0,30.14,0.67,Gas,4.2,3082.14,Low
Commercial,1730.33,154.0,Average,46.0,34.91,0.85,Hybrid,9.28,2227.34,Low
Commercial,753.69,402.0,Good,48.0,20.0,0.88,Electric,7.07,2770.2,Medium
Commercial,4391.25,270.0,Average,20.0,29.21,0.96,Electric,2.58,1497.99,Low
Residential,4158.05,156.0,Poor,21.0,24.77,0.6,Electric,9.27,2783.18,Low
Residential,4998.73,306.0,Poor,28.0,7.47,0.9,Gas,9.66,1082.81,Medium
Commercial,4984.87,358.0,Average,47.0,1.03,0.87,Electric,2.62,6645.33,Low
Commercial,2999.44,137.0,Average,44.0,11.38,0.53,Electric,6.26,3847.38,High
Commercial,3960.44,207.0,Average,10.0,17.72,0.69,Hybrid,4.43,9758.3,Low
Residential,4751.45,62.0,Average,23.0,24.68,0.64,Electric,5.14,2743.45,Low
Commercial,4323.41,91.0,Good,30.0,34.0,0.65,Hybrid,3.44,4112.46,Medium
Residential,1613.07,341.0,Average,28.0,7.85,0.99,Electric,6.62,4220.57,Medium
Residential,2527.45,92.0,Good,14.0,5.02,0.82,Gas,9.66,1076.06,High
Residential,1081.22,263.0,Poor,44.0,38.54,0.86,Electric,6.02,8552.87,Low
Residential,4793.23,355.0,Average,35.0,4.32,0.99,Electric,2.66,1287.95,High
Residential,3227.79,54.0,Good,43.0,19.14,0.69,Hybrid,6.96,9461.62,High
Commercial,1528.89,284.0,Average,44.0,23.42,0.9,Hybrid,4.72,9028.67,Medium
Commercial,3522.65,129.0,Poor,39.0,21.65,0.72,Hybrid,8.85,5819.7,Low
Commercial,3281.58,482.0,Poor,25.0,3.44,0.93,Electric,5.48,5892.36,Medium
Commercial,2111.73,242.0,Poor,32.0,2.28,0.59,Electric,3.54,6884.0,High
Commercial,1011.01,403.0,Average,12.0,4.22,0.97,Gas,3.53,4483.45,High
Residential,3522.08,276.0,Average,35.0,23.42,0.61,Electric,8.15,6825.0,Medium
Commercial,2841.38,23.0,Good,13.0,21.77,0.66,Gas,4.12,1402.92,Medium
Commercial,3975.43,317.0,Poor,36.0,9.35,0.88,Hybrid,8.14,1486.43,Medium
Residential,2840.74,476.0,Average,15.0,25.51,0.7,Hybrid,3.65,5115.07,Medium
Commercial,4334.82,301.0,Poor,10.0,32.8,0.8,Hybrid,4.57,5946.6,Medium
Residential,2983.58,410.0,Poor,12.0,1.66,0.72,Gas,5.72,8990.36,High
Commercial,3024.22,442.0,Good,5.0,19.93,0.87,Electric,9.55,1941.95,Medium
Residential,4444.94,115.0,Good,37.0,27.57,0.61,Hybrid,9.45,8403.83,Low
Commercial,2315.67,107.0,Good,38.0,10.09,0.53,Electric,3.65,2890.43,High
Commercial,1103.07,306.0,Good,28.0,12.31,0.65,Electric,4.87,4546.75,High
Residential,629.52,206.0,Poor,12.0,24.55,0.74,Hybrid,3.2,3849.42,Low
Residential,3898.12,420.0,Good,9.0,35.92,0.58,Gas,6.08,4601.4,Low
Residential,3291.39,450.0,Good,6.0,32.4,0.68,Electric,5.68,2354.46,High
Residential,3668.36,177.0,Good,12.0,23.33,0.7,Hybrid,9.21,5532.13,Medium
Residential,1458.34,119.0,Good,45.0,29.21,0.53,Electric,9.44,8214.78,High
Residential,1113.67,390.0,Poor,16.0,14.59,0.79,Electric,5.07,4973.81,High
Residential,565.45,138.0,Good,21.0,25.64,0.94,Electric,5.93,5415.52,Low
Residential,2077.64,411.0,Poor,10.0,18.65,0.58,Electric,9.17,8638.91,High
Commercial,3154.63,212.0,Average,15.0,7.6,0.8,Electric,8.45,7354.52,Medium
Commercial,2265.1,334.0,Poor,28.0,28.07,0.83,Gas,2.03,5414.09,Low
Residential,2468.64,49.0,Poor,32.0,22.26,0.71,Gas,4.56,3319.26,High
Commercial,4568.71,312.0,Good,16.0,14.34,0.85,Hybrid,5.37,8964.34,High
Commercial,2067.15,226.0,Average,8.0,36.45,0.71,Gas,3.84,6193.18,Medium
Commercial,2812.95,294.0,Average,23.0,0.84,0.75,Gas,3.6,2990.33,High
Commercial,4026.44,85.0,Average,16.0,12.63,0.5,Gas,2.3,3422.08,High
Residential,2284.44,369.0,Average,15.0,2.28,0.85,Electric,7.15,8228.2,High
Commercial,3299.39,432.0,Poor,48.0,30.66,0.83,Electric,4.1,1397.31,High
Residential,4380.64,109.0,Average,33.0,28.08,0.52,Hybrid,2.42,9928.83,Medium
Commercial,4772.84,49.0,Poor,30.0,13.25,0.68,Hybrid,3.85,2173.17,High
Commercial,1161.83,13.0,Poor,24.0,27.03,0.99,Hybrid,8.42,8164.62,High
Commercial,4669.64,321.0,Poor,24.0,15.84,0.71,Electric,8.81,4552.98,High
Residential,2714.52,304.0,Average,29.0,30.25,0.75,Gas,5.86,5429.95,Low
Commercial,1662.1,274.0,Good,36.0,18.17,0.95,Gas,5.33,8925.86,Medium
Residential,2566.11,117.0,Good,37.0,16.49,0.86,Electric,9.82,4716.2,Low
Commercial,4910.15,196.0,Average,13.0,37.39,0.79,Hybrid,3.6,5837.44,Low
Residential,2716.78,298.0,Good,28.0,10.04,0.9,Hybrid,3.72,1443.7,Medium
Commercial,1979.38,249.0,Good,24.0,4.82,0.93,Hybrid,4.33,1021.13,Low
Residential,3350.3,494.0,Poor,44.0,23.38,0.73,Electric,3.38,3203.2,Low
Residential,1580.66,69.0,Poor,33.0,38.77,0.74,Hybrid,5.03,7125.25,Low
Commercial,841.38,348.0,Average,29.0,15.11,0.69,Hybrid,9.29,2091.38,Medium
Residential,1079.96,203.0,Average,10.0,2.48,0.98,Electric,6.92,2023.86,High
Commercial,1076.21,215.0,Good,32.0,13.57,0.85,Gas,5.3,4698.65,Medium
Commercial,1183.56,359.0,Poor,10.0,20.24,0.54,Electric,9.48,6830.53,Medium
Commercial,1124.72,347.0,Average,20.0,6.48,0.93,Electric,2.39,7408.65,Medium
Commercial,3383.94,496.0,Average,11.0,26.32,0.74,Electric,3.68,2606.06,Low
Commercial,1318.46,65.0,Average,36.0,39.91,0.53,Electric,6.53,1716.29,High
Commercial,2055.5,53.0,Average,14.0,18.07,0.77,Gas,6.92,9463.57,Medium
Commercial,4535.55,362.0,Average,23.0,14.19,0.71,Hybrid,2.32,3346.0,Medium
Commercial,2632.83,290.0,Average,45.0,16.03,0.94,Electric,5.22,8680.12,High
Commercial,3504.01,138.0,Good,14.0,4.61,0.6,Gas,7.19,8771.42,High
Commercial,1275.44,41.0,Poor,28.0,35.33,0.91,Hybrid,7.58,7952.7,High
Commercial,1365.3,44.0,Poor,24.0,16.59,0.78,Hybrid,7.11,2519.5,Low
Residential,683.91,447.0,Average,6.0,15.49,0.53,Hybrid,4.56,8396.21,High
Residential,1260.21,97.0,Poor,41.0,26.39,0.99,Electric,2.75,7923.26,Low
Commercial,1753.66,162.0,Poor,8.0,17.68,0.76,Electric,5.42,6370.51,Medium
Commercial,1296.55,114.0,Poor,26.0,25.93,0.65,Hybrid,3.03,4034.82,Low
Commercial,899.16,178.0,Average,30.0,2.46,0.73,Hybrid,9.58,3362.58,High
Commercial,1042.86,36.0,Average,33.0,32.55,0.93,Hybrid,5.8,2097.0,Low
Commercial,2573.5,260.0,Poor,36.0,37.62,0.65,Hybrid,4.54,5587.81,High
Commercial,1428.5,35.0,Poor,16.0,25.95,0.6,Hybrid,8.13,6267.35,Low
Commercial,2139.21,400.0,Average,5.0,38.18,0.56,Hybrid,5.98,4234.05,Medium
Commercial,2765.38,118.0,Good,38.0,6.06,0.65,Gas,4.48,5278.23,Low
Residential,3606.78,270.0,Poor,29.0,19.1,0.89,Hybrid,8.5,4271.63,Medium
Commercial,676.9,440.0,Good,43.0,24.07,0.74,Electric,8.94,6769.05,High
Residential,4097.35,326.0,Poor,42.0,23.27,0.61,Electric,7.38,9111.33,Medium
Commercial,3325.55,267.0,Good,43.0,16.06,0.58,Electric,2.38,2475.28,High
Commercial,867.92,163.0,Good,27.0,13.52,0.67,Hybrid,6.53,4432.68,High
Residential,4431.1,167.0,Good,20.0,5.07,0.97,Electric,8.11,2267.82,Medium
Commercial,4643.93,335.0,Average,41.0,15.67,0.67,Gas,3.09,6624.49,Medium
Residential,774.85,497.0,Good,25.0,6.51,0.99,Hybrid,3.83,7559.83,Low
Commercial,1745.95,331.0,Good,13.0,29.37,0.74,Electric,9.06,9387.21,Low
Commercial,4127.91,279.0,Good,43.0,8.35,0.59,Gas,2.16,3509.85,Medium
Residential,3867.17,366.0,Poor,45.0,2.34,0.95,Gas,8.02,9551.9,Medium
Commercial,1330.34,233.0,Good,26.0,22.09,0.73,Electric,5.79,1569.36,Medium
Residential,1442.07,31.0,Poor,8.0,23.81,0.85,Gas,5.57,6427.12,Medium
Commercial,2167.12,282.0,Good,22.0,34.88,0.99,Electric,2.06,1514.19,High
Residential,2680.35,479.0,Good,41.0,23.08,0.53,Gas,8.56,9043.97,Medium
Residential,3282.15,88.0,Average,46.0,13.82,0.55,Hybrid,4.88,5768.28,Medium
Commercial,2160.11,345.0,Poor,14.0,32.12,0.86,Hybrid,6.33,7024.14,Medium
Commercial,2581.41,101.0,Good,8.0,21.61,0.64,Hybrid,7.42,8484.17,Medium
Residential,3863.62,268.0,Poor,44.0,3.17,0.59,Hybrid,7.62,2352.8,High
Commercial,665.07,49.0,Poor,23.0,22.63,0.52,Hybrid,9.65,1347.32,Low
Commercial,1635.97,226.0,Average,29.0,36.32,0.51,Electric,6.25,8909.93,Low
Commercial,3710.07,378.0,Average,49.0,15.85,0.89,Hybrid,5.2,3834.4,Low
Residential,4528.43,174.0,Average,8.0,11.85,0.57,Hybrid,9.63,2160.81,Low
Residential,2802.55,333.0,Average,34.0,5.74,0.73,Hybrid,7.14,5216.15,Low
Residential,2894.51,398.0,Average,8.0,6.06,0.8,Hybrid,4.39,6384.75,High
Residential,982.27,464.0,Average,22.0,17.31,0.71,Gas,3.01,1278.74,Low
Residential,2513.36,118.0,Average,41.0,23.83,0.51,Hybrid,8.74,3474.06,High
Residential,2896.78,200.0,Average,25.0,3.22,0.89,Hybrid,4.9,1295.2,High
Residential,1591.12,77.0,Good,50.0,37.58,0.51,Electric,7.28,4783.02,Low
Residential,1711.59,496.0,Poor,30.0,30.21,0.88,Gas,5.77,9055.9,Low
Residential,2197.78,464.0,Average,19.0,23.46,0.95,Electric,3.59,9843.87,Low
Commercial,590.32,270.0,Average,15.0,33.14,0.72,Hybrid,6.81,6733.43,Medium
Residential,1949.36,421.0,Poor,21.0,3.21,0.77,Electric,2.49,2454.74,High
Commercial,1451.52,261.0,Good,22.0,19.07,0.74,Electric,5.31,9152.64,Low
Commercial,1973.74,312.0,Poor,8.0,25.2,0.69,Hybrid,6.37,5646.23,Medium
Commercial,1038.93,45.0,Poor,22.0,33.15,0.94,Gas,5.49,2383.74,High
Residential,4507.37,378.0,Average,26.0,31.34,0.95,Gas,7.99,9295.54,Medium
Residential,3171.17,65.0,Poor,38.0,11.08,0.67,Electric,8.62,7817.22,Medium
Residential,3555.96,413.0,Poor,35.0,37.64,0.81,Hybrid,8.17,7585.35,Low
Residential,4051.27,391.0,Average,37.0,4.97,0.96,Electric,2.31,7382.63,High
Commercial,2742.99,355.0,Average,5.0,35.01,0.98,Electric,3.55,2803.06,Medium
Residential,891.14,19.0,Average,15.0,38.84,0.75,Electric,6.29,2899.06,High
Residential,2916.98,152.0,Average,35.0,7.09,0.73,Hybrid,9.48,7194.64,Low
Residential,3140.79,132.0,Poor,27.0,28.88,0.64,Hybrid,8.68,2977.5,High
Residential,3854.48,181.0,Poor,5.0,1.61,0.98,Gas,8.74,4948.05,Medium
Residential,2442.47,45.0,Good,41.0,16.22,0.57,Hybrid,4.43,8038.02,Medium
Commercial,1074.11,469.0,Good,40.0,20.65,0.79,Electric,5.44,8055.57,High
Residential,1776.99,277.0,Poor,30.0,23.23,0.64,Electric,5.77,5079.36,Medium
Commercial,2133.87,153.0,Good,8.0,37.44,0.64,Gas,3.26,8129.71,Medium
Residential,3406.63,199.0,Poor,39.0,26.89,0.7,Hybrid,2.25,8547.6,Medium
Commercial,3068.5,224.0,Good,31.0,19.25,1.0,Electric,9.58,6892.98,Low
Residential,2102.44,301.0,Average,40.0,32.39,0.53,Gas,3.93,3055.83,Low
Residential,4939.32,258.0,Good,39.0,38.02,0.79,Gas,3.92,3466.11,Medium
Commercial,3225.99,460.0,Average,41.0,0.88,0.54,Electric,2.67,3833.57,High
Commercial,1567.52,249.0,Average,28.0,39.3,0.58,Electric,9.43,2051.24,Low
Commercial,958.02,496.0,Average,11.0,3.45,0.72,Hybrid,6.64,3458.44,High
Residential,1187.87,426.0,Average,35.0,32.58,0.76,Gas,7.34,2885.67,Medium
Commercial,1606.81,105.0,Good,33.0,11.21,0.63,Electric,9.29,5097.96,Medium
Residential,1223.07,465.0,Poor,38.0,5.29,0.66,Gas,4.76,9175.94,High
Residential,1339.55,59.0,Average,13.0,17.59,0.54,Hybrid,6.97,1940.32,Low
Commercial,1782.93,409.0,Good,14.0,25.76,0.65,Electric,2.31,7482.41,High
Commercial,1280.18,191.0,Average,45.0,15.24,0.98,Hybrid,3.49,7185.55,High
Residential,4535.44,439.0,Good,39.0,2.18,0.97,Gas,8.65,1861.79,Medium
Residential,861.05,434.0,Good,46.0,23.98,0.67,Hybrid,8.13,9303.15,Low
Commercial,2860.3,403.0,Good,39.0,36.1,0.79,Hybrid,4.81,6116.25,High
Commercial,2346.79,395.0,Poor,32.0,15.33,0.95,Gas,5.01,4273.53,Low
Commercial,4920.7,153.0,Good,34.0,8.65,0.5,Hybrid,6.27,7808.85,Medium
Residential,1004.18,41.0,Good,45.0,17.7,0.91,Gas,2.0,3316.29,Low
Residential,2290.35,202.0,Poor,31.0,1.93,0.97,Electric,3.93,7241.59,Medium
Residential,4862.62,88.0,Poor,33.0,32.82,0.55,Gas,3.67,1357.4,Low
Residential,4394.78,348.0,Good,12.0,33.05,0.58,Gas,4.0,8554.67,High
Residential,4176.82,174.0,Poor,26.0,23.52,0.98,Electric,8.45,5033.54,Medium
Residential,1660.56,488.0,Average,37.0,14.12,0.77,Gas,4.24,6730.24,High
Commercial,1268.99,321.0,Average,17.0,31.99,0.51,Electric,3.53,2991.14,Medium
Residential,3508.89,411.0,Poor,14.0,22.19,0.63,Electric,6.03,7093.66,Low
Residential,4682.19,67.0,Poor,19.0,33.04,0.72,Gas,8.93,7950.16,Low
Residential,3005.43,431.0,Good,16.0,25.26,0.85,Hybrid,3.93,5258.92,Medium
Commercial,3072.26,461.0,Poor,15.0,31.38,0.87,Hybrid,2.63,6559.54,Medium
Residential,1759.91,244.0,Good,24.0,23.94,1.0,Electric,4.85,5106.93,Medium
Residential,3962.72,304.0,Average,46.0,16.57,0.64,Hybrid,7.98,9046.82,Low
Commercial,1341.7,383.0,Poor,28.0,38.32,0.77,Hybrid,6.41,5480.82,Medium
Residential,1956.56,88.0,Good,13.0,21.64,0.77,Gas,8.53,8576.28,Medium
Residential,2414.46,252.0,Good,8.0,24.2,0.7,Electric,9.68,8212.17,High
Residential,2784.25,200.0,Average,36.0,8.82,0.58,Electric,8.34,4694.54,Medium
Residential,1590.84,74.0,Poor,22.0,25.03,0.99,Gas,6.83,3070.76,High
Residential,1016.77,184.0,Average,42.0,22.86,0.93,Hybrid,5.95,4654.74,High
Commercial,3247.79,35.0,Good,35.0,7.39,0.75,Electric,2.32,8435.96,High
Commercial,1798.84,14.0,Good,41.0,2.38,0.8,Hybrid,9.87,3048.69,Low
Commercial,3115.57,68.0,Poor,17.0,24.17,0.61,Electric,5.07,5719.93,High
Residential,1194.63,482.0,Good,36.0,30.55,0.77,Electric,3.22,8254.87,Medium
Residential,2665.13,275.0,Poor,17.0,20.94,0.85,Electric,7.33,4181.3,Low
Residential,2896.65,483.0,Average,47.0,9.07,0.76,Electric,4.27,6779.89,Low
Commercial,733.21,217.0,Poor,34.0,26.66,1.0,Hybrid,6.69,3210.68,Low
Residential,2014.72,157.0,Poor,20.0,3.2,0.81,Hybrid,6.69,1983.52,Low
Residential,1104.87,254.0,Good,17.0,17.67,0.69,Hybrid,5.57,8149.46,Low
Commercial,785.19,220.0,Good,14.0,6.53,0.89,Hybrid,8.69,1890.72,Low
Residential,4954.82,54.0,Poor,36.0,7.38,0.59,Gas,4.12,3442.43,Low
Commercial,1950.59,321.0,Good,15.0,8.09,0.69,Electric,5.59,8695.98,High
Commercial,4144.44,109.0,Good,32.0,15.47,0.67,Electric,6.3,4118.22,Medium
Commercial,1645.88,310.0,Good,17.0,2.05,0.72,Electric,7.31,9757.41,Medium
Residential,3566.76,325.0,Poor,35.0,15.91,0.89,Gas,8.27,9817.61,High
Residential,3921.03,77.0,Good,42.0,20.47,0.74,Hybrid,5.16,3414.48,High
Residential,3180.37,32.0,Poor,40.0,19.33,0.9,Electric,7.17,1368.8,Low
Residential,2622.09,391.0,Good,39.0,15.31,0.79,Hybrid,3.2,7345.57,Low
Residential,2353.28,230.0,Average,13.0,33.57,0.67,Hybrid,9.46,5058.88,High
Residential,2069.91,30.0,Good,9.0,5.81,0.9,Gas,5.06,1906.78,Low
Residential,4682.88,497.0,Good,36.0,20.23,0.62,Gas,7.84,7367.71,Medium
Commercial,4237.79,30.0,Poor,22.0,2.48,0.61,Hybrid,2.16,1280.57,Medium
Residential,4842.62,348.0,Poor,24.0,2.85,0.75,Electric,3.64,8831.77,Low
Commercial,1059.34,492.0,Good,6.0,22.95,0.63,Electric,5.9,2247.87,Low
Residential,3788.9,120.0,Average,17.0,22.64,0.5,Gas,9.03,2145.81,Low
Residential,4722.53,72.0,Good,7.0,35.12,0.82,Gas,6.22,2581.05,Medium
Residential,1315.55,62.0,Good,45.0,22.31,0.76,Gas,9.44,9642.4,Low
Commercial,799.23,152.0,Average,16.0,38.39,0.72,Gas,5.87,7238.52,High
Commercial,3835.04,51.0,Poor,30.0,1.95,0.98,Gas,5.92,8212.34,Low
Commercial,3085.13,346.0,Good,7.0,3.92,0.79,Gas,2.96,4578.71,High
Commercial,4288.23,32.0,Poor,35.0,1.76,0.93,Gas,8.42,4026.81,Low
Residential,1128.98,255.0,Poor,20.0,7.41,0.57,Electric,3.98,3110.36,Low
Commercial,4078.7,498.0,Average,45.0,21.65,0.78,Gas,9.2,5325.83,Medium
Residential,1407.32,407.0,Average,45.0,25.82,0.93,Gas,9.29,5966.46,High
Residential,1236.45,308.0,Poor,20.0,1.82,0.79,Electric,9.55,6685.97,High
Commercial,1239.2,154.0,Good,46.0,37.84,0.86,Electric,6.16,3314.07,High
Commercial,4165.59,312.0,Poor,50.0,33.69,0.69,Hybrid,7.42,9537.89,Medium
Commercial,3493.39,264.0,Good,42.0,11.86,0.55,Gas,8.23,2527.83,High
Commercial,2853.79,214.0,Good,43.0,3.09,0.73,Gas,3.05,9690.88,Medium
Commercial,2114.74,66.0,Average,16.0,6.8,0.7,Gas,6.81,1133.71,Low
Commercial,4447.4,443.0,Good,31.0,5.08,0.93,Gas,2.27,5330.13,Low
Commercial,2266.0,225.0,Good,8.0,4.93,0.62,Hybrid,5.98,4000.31,High
Commercial,4174.7,98.0,Poor,9.0,20.74,0.98,Electric,3.24,5042.11,Low
Residential,2476.11,185.0,Average,50.0,9.83,0.98,Electric,3.46,6135.98,Low
Commercial,2196.25,208.0,Good,20.0,14.33,0.62,Gas,4.92,4920.3,High
Commercial,2582.06,414.0,Good,39.0,39.58,0.67,Gas,5.46,4733.62,Low
Residential,1856.2,367.0,Average,41.0,27.37,0.95,Gas,6.99,7594.51,High
Commercial,3864.24,385.0,Poor,44.0,37.96,0.98,Hybrid,2.6,7172.89,High
Residential,2762.24,7.0,Average,50.0,5.7,0.72,Hybrid,6.03,8499.44,Low
Residential,1544.96,209.0,Average,16.0,15.29,0.66,Electric,3.46,3249.63,Low
Commercial,4548.09,241.0,Good,7.0,22.19,0.76,Gas,6.59,6485.76,Low
Residential,2227.51,11.0,Good,24.0,3.07,0.84,Gas,7.1,6266.75,Low
Residential,2945.99,131.0,Poor,11.0,0.17,0.64,Gas,6.45,4327.64,Low
Residential,4579.12,380.0,Good,6.0,26.82,0.87,Gas,7.91,5374.52,Medium
Residential,3309.07,69.0,Good,21.0,25.67,0.53,Hybrid,4.68,3824.04,Low
Commercial,1026.04,268.0,Average,40.0,16.43,0.52,Electric,8.12,2276.6,Medium
Residential,4729.24,108.0,Good,30.0,19.59,0.69,Electric,5.46,2924.21,High
Commercial,3324.69,7.0,Poor,19.0,16.62,0.68,Hybrid,5.87,1949.62,Low
Residential,2007.08,121.0,Average,34.0,0.96,0.66,Gas,7.18,7147.63,Low
Residential,1126.72,488.0,Poor,15.0,13.41,0.75,Electric,2.15,6946.55,Low
Residential,4073.11,401.0,Average,6.0,7.08,0.66,Electric,7.23,9555.46,High
Residential,3290.33,480.0,Good,39.0,3.94,0.6,Hybrid,6.95,7567.11,Medium
Commercial,2900.57,244.0,Average,33.0,38.27,0.65,Gas,4.48,1468.41,Medium
Commercial,4522.52,56.0,Average,39.0,23.97,0.99,Electric,2.69,8958.21,Low
Residential,4048.69,274.0,Good,7.0,29.15,0.71,Gas,2.73,8764.08,Low
Residential,1182.54,228.0,Good,43.0,12.61,0.72,Electric,9.39,4989.88,Low
Commercial,1902.75,422.0,Poor,33.0,15.73,0.79,Hybrid,7.51,6272.77,Low
Residential,1618.2,50.0,Poor,30.0,9.48,0.99,Gas,3.02,9784.7,High
Residential,3847.76,245.0,Good,33.0,3.88,0.62,Hybrid,4.85,5790.74,Low
Residential,650.9,76.0,Good,44.0,7.16,0.84,Electric,6.74,9147.9,High
Commercial,3064.5,163.0,Good,31.0,31.9,0.86,Hybrid,8.68,1747.35,Low
Commercial,3931.06,369.0,Average,31.0,27.1,0.8,Hybrid,2.35,2719.47,Medium
Commercial,4445.45,239.0,Average,50.0,21.88,0.54,Hybrid,3.89,4966.79,Medium
Residential,2039.37,189.0,Average,39.0,19.0,0.84,Electric,9.12,6262.81,Low
Residential,4195.66,198.0,Good,25.0,36.9,0.53,Gas,2.07,8346.05,Low
Commercial,997.84,230.0,Poor,37.0,2.91,0.8,Hybrid,3.61,9894.36,High
Commercial,4309.04,393.0,Good,23.0,11.22,0.87,Gas,9.67,4499.66,Low
Commercial,1073.7,446.0,Average,15.0,14.0,0.61,Electric,6.91,1426.74,Low
Commercial,2287.79,478.0,Average,32.0,31.3,0.92,Gas,4.09,8210.54,Low
Residential,4087.83,394.0,Good,47.0,39.7,0.52,Hybrid,2.54,6439.43,Medium
Commercial,1174.63,158.0,Good,47.0,9.63,0.92,Hybrid,2.23,2786.89,High
Residential,1531.63,344.0,Average,20.0,34.97,0.73,Hybrid,3.96,5453.46,Medium
Commercial,3750.14,219.0,Average,29.0,33.22,0.61,Hybrid,9.05,7680.79,High
Residential,3740.16,128.0,Average,15.0,8.99,0.57,Hybrid,5.33,7933.71,Medium
Commercial,3385.16,421.0,Good,50.0,15.97,0.98,Hybrid,7.76,5496.57,Low
Commercial,3622.77,20.0,Average,49.0,16.39,0.54,Electric,9.35,3746.93,Medium
Commercial,2942.26,451.0,Average,34.0,39.13,0.6,Electric,5.26,9763.68,Medium
Commercial,1633.1,231.0,Poor,41.0,7.24,0.67,Electric,3.53,6970.26,High
Residential,2055.63,319.0,Good,37.0,31.97,0.81,Gas,6.14,4674.14,High
Commercial,1317.19,330.0,Poor,32.0,13.37,0.77,Gas,9.26,3524.17,Medium
Residential,4588.03,448.0,Poor,7.0,29.23,0.56,Electric,8.43,7579.93,High
Residential,3125.26,319.0,Average,25.0,16.8,0.64,Gas,2.53,3179.65,High
Residential,2303.83,307.0,Good,35.0,23.13,0.62,Gas,7.54,2545.39,High
Residential,2579.03,34.0,Average,35.0,33.3,0.61,Hybrid,6.58,5768.51,High
Commercial,4762.78,260.0,Good,22.0,32.17,0.71,Hybrid,9.26,3609.89,High
Residential,1190.08,76.0,Poor,47.0,34.66,0.85,Gas,2.98,6660.15,Medium
Residential,3138.03,369.0,Good,13.0,2.38,0.61,Gas,6.27,2061.45,High
Residential,2776.5,257.0,Average,28.0,27.68,0.68,Electric,9.04,6894.47,Low
Commercial,3251.54,340.0,Average,36.0,5.6,0.7,Gas,5.28,3549.67,Medium
Commercial,581.5,22.0,Average,36.0,16.63,0.99,Hybrid,5.86,1002.19,Medium
Commercial,4424.56,43.0,Good,34.0,21.94,0.98,Gas,2.56,2142.42,Medium
Commercial,4694.53,358.0,Poor,17.0,16.11,0.9,Electric,4.23,9402.54,High
Residential,3043.1,37.0,Poor,12.0,20.78,0.62,Hybrid,4.6,8806.19,Low
Residential,3634.93,37.0,Good,34.0,39.86,0.53,Hybrid,9.56,3102.48,High
Commercial,4651.25,7.0,Average,32.0,5.41,0.66,Hybrid,4.26,8005.35,Medium
Residential,3682.57,478.0,Poor,13.0,27.02,0.63,Hybrid,5.69,6477.14,Medium
Residential,1186.43,369.0,Average,37.0,15.84,0.75,Gas,7.37,9738.14,Medium
Residential,3093.3,177.0,Good,25.0,5.32,0.89,Electric,3.3,4362.45,Medium
Commercial,3230.22,149.0,Average,35.0,6.35,0.93,Gas,5.89,7133.15,High
Commercial,2408.59,176.0,Poor,43.0,37.97,0.92,Gas,7.91,1571.82,Low
Residential,3814.0,388.0,Poor,13.0,35.18,0.68,Hybrid,8.93,4566.23,Low
Commercial,4704.65,331.0,Average,6.0,36.28,0.84,Electric,7.01,9674.36,Medium
Commercial,4665.06,93.0,Good,40.0,39.66,0.66,Hybrid,7.35,5850.83,Low
Commercial,2528.78,88.0,Average,32.0,8.33,0.53,Gas,3.01,3590.92,Medium
Commercial,1009.57,50.0,Good,36.0,14.22,0.85,Gas,9.57,2082.44,Medium
Commercial,4931.79,330.0,Average,43.0,26.77,0.5,Hybrid,3.06,7331.76,Low
Residential,4275.04,382.0,Poor,41.0,19.35,0.7,Gas,8.2,6803.7,Medium
Commercial,1060.98,133.0,Good,48.0,16.74,0.66,Gas,4.12,4365.45,Low
Residential,4643.79,11.0,Good,29.0,14.31,0.85,Hybrid,9.47,9558.47,Medium
Residential,4414.53,42.0,Good,27.0,23.75,0.88,Gas,7.76,1199.83,Low
Commercial,2834.77,484.0,Poor,23.0,23.02,0.65,Electric,8.03,3733.51,Medium
Residential,3160.74,148.0,Average,12.0,6.46,0.91,Hybrid,3.75,9289.63,Low
Residential,2295.51,385.0,Poor,31.0,18.87,0.65,Electric,5.54,3888.42,Medium
Residential,746.43,313.0,Good,17.0,22.14,0.72,Gas,6.94,3270.28,Medium
Commercial,2008.39,192.0,Average,46.0,22.81,0.86,Gas,8.16,5807.98,Medium
Commercial,4112.84,104.0,Poor,31.0,8.4,0.85,Hybrid,2.83,8414.22,Low
Residential,520.84,62.0,Good,32.0,29.69,0.99,Gas,9.7,1928.32,High
Commercial,2000.75,308.0,Good,21.0,1.01,0.61,Hybrid,9.12,9487.19,Medium
Commercial,2291.76,388.0,Poor,7.0,14.19,0.83,Hybrid,4.16,8155.66,Medium
Commercial,2918.28,322.0,Poor,6.0,31.21,0.8,Hybrid,8.58,2631.25,Low
Commercial,4639.35,266.0,Poor,24.0,22.56,0.96,Hybrid,6.15,7408.07,Medium
Residential,2058.56,22.0,Good,9.0,10.45,0.58,Hybrid,5.69,4464.63,Medium
Residential,2061.29,484.0,Poor,32.0,27.8,0.88,Electric,4.52,4620.65,Medium
Commercial,3818.76,400.0,Good,45.0,22.7,0.78,Hybrid,6.65,8049.61,Medium
Commercial,2534.98,147.0,Poor,45.0,31.85,0.64,Electric,7.84,9665.06,High
Residential,1510.72,490.0,Good,35.0,29.4,0.74,Gas,5.29,2139.9,High
Residential,2535.98,301.0,Good,15.0,24.4,0.67,Hybrid,7.03,4785.67,Medium
Commercial,1133.86,292.0,Average,44.0,19.53,0.79,Gas,7.59,5328.47,Medium
Residential,1293.74,374.0,Poor,45.0,5.33,0.94,Hybrid,7.69,4386.81,Medium
Commercial,2742.65,406.0,Poor,14.0,10.45,0.78,Electric,2.42,4268.7,High
Commercial,2385.16,329.0,Good,38.0,16.76,0.82,Electric,8.88,1470.42,High
Residential,4616.81,65.0,Good,18.0,23.97,0.76,Electric,5.67,7169.85,Low
Residential,2130.77,170.0,Good,41.0,20.55,0.53,Gas,4.1,4925.93,Low
Commercial,3112.65,464.0,Average,50.0,11.53,0.62,Hybrid,3.93,2753.14,Medium
Commercial,3345.19,113.0,Average,6.0,0.26,0.75,Gas,5.86,8344.3,Medium
Residential,558.93,187.0,Good,45.0,19.85,0.66,Electric,9.09,8223.05,High
Commercial,3485.92,217.0,Poor,33.0,11.43,0.59,Gas,5.03,5377.52,Medium
Residential,1301.16,220.0,Poor,49.0,29.38,0.75,Electric,8.0,3686.06,Medium
Commercial,4824.82,307.0,Average,26.0,0.96,0.66,Electric,2.77,6742.83,High
Residential,1168.98,472.0,Average,43.0,23.39,0.63,Electric,5.81,3593.37,High
Residential,2365.81,121.0,Good,8.0,37.66,0.73,Hybrid,9.93,3124.07,High
Residential,884.07,62.0,Poor,20.0,6.98,0.57,Hybrid,8.16,7574.63,High
Commercial,4985.93,100.0,Good,8.0,18.87,0.96,Electric,3.68,1362.93,Low
Commercial,2759.88,444.0,Average,49.0,3.66,0.93,Gas,6.01,1852.92,High
Residential,3179.23,323.0,Poor,42.0,25.03,0.85,Gas,3.87,1061.09,High
Commercial,801.84,144.0,Poor,43.0,22.02,0.55,Hybrid,5.28,2376.49,Medium
Residential,3874.82,408.0,Average,47.0,16.29,0.89,Electric,8.24,1620.91,Medium
Residential,1444.58,431.0,Good,9.0,20.86,0.9,Gas,8.17,9962.22,Medium
Commercial,4541.24,423.0,Good,22.0,35.86,0.88,Electric,3.82,3599.29,Low
Commercial,1423.13,460.0,Poor,8.0,7.85,0.56,Gas,9.38,2343.41,High
Residential,1358.09,127.0,Average,14.0,0.9,0.82,Hybrid,6.74,3168.97,High
Commercial,664.47,378.0,Poor,15.0,34.47,0.92,Electric,5.04,9425.13,Low
Commercial,2624.3,231.0,Average,26.0,23.08,0.79,Electric,6.02,5681.44,High
Residential,3041.79,421.0,Good,17.0,35.63,0.82,Gas,6.84,4283.36,Medium
Residential,795.69,365.0,Average,10.0,23.88,0.73,Gas,6.48,8860.52,Low
Commercial,3989.87,388.0,Good,13.0,32.41,0.76,Gas,5.89,4554.91,High
Residential,2539.8,328.0,Average,12.0,17.19,0.52,Electric,6.04,4015.08,Low
Residential,2859.76,90.0,Poor,49.0,29.99,0.82,Hybrid,3.41,2865.54,Low
Commercial,2483.43,273.0,Good,39.0,36.52,0.54,Hybrid,8.5,4400.17,High
Residential,2303.43,492.0,Poor,49.0,22.88,0.72,Gas,6.33,3850.16,Medium
Residential,3018.38,469.0,Poor,25.0,7.23,0.65,Hybrid,3.05,7095.74,High
Commercial,1198.58,23.0,Good,18.0,10.75,0.77,Gas,8.13,3606.24,High
Commercial,1318.68,83.0,Good,41.0,7.95,0.57,Hybrid,9.46,6194.8,Medium
Residential,4378.04,67.0,Poor,20.0,9.87,0.85,Electric,9.58,1593.03,High
Residential,4757.52,363.0,Poor,18.0,12.26,0.9,Gas,4.95,2721.6,High
Commercial,2179.89,409.0,Poor,15.0,22.21,0.58,Hybrid,3.08,4666.65,High
Commercial,1718.35,108.0,Poor,11.0,23.52,0.55,Electric,6.15,9432.54,Low
Commercial,3398.0,253.0,Good,17.0,17.06,0.57,Hybrid,2.9,4395.27,Low
Commercial,2339.3,421.0,Good,21.0,24.62,0.94,Electric,9.47,6976.67,Low
Residential,614.24,367.0,Poor,35.0,3.26,0.76,Electric,3.47,3295.79,High
Commercial,1202.69,272.0,Average,8.0,3.51,0.73,Hybrid,4.02,2143.3,Medium
Commercial,3721.88,296.0,Average,14.0,6.87,0.55,Hybrid,5.25,1526.83,Low
Residential,3465.16,255.0,Good,41.0,20.72,0.82,Electric,5.07,3748.72,Medium
Commercial,621.93,149.0,Poor,12.0,8.56,0.93,Electric,8.36,2418.95,High
Residential,1498.87,283.0,Poor,20.0,11.33,0.91,Electric,5.65,2566.09,Low
Commercial,1539.84,345.0,Good,44.0,16.01,0.81,Gas,3.37,7846.83,High
Commercial,3523.52,437.0,Average,12.0,32.47,0.54,Electric,4.14,1142.54,Medium
Commercial,588.7,319.0,Average,9.0,0.55,0.56,Gas,6.07,6020.29,Low
Residential,968.49,381.0,Average,27.0,25.98,0.52,Electric,3.18,4415.15,Low
Residential,4099.62,81.0,Good,19.0,26.76,0.63,Gas,6.89,5558.95,Low
Commercial,1303.45,231.0,Average,30.0,31.95,0.57,Electric,6.53,6065.47,Low
Residential,3437.36,6.0,Good,41.0,37.31,0.63,Electric,7.72,3820.31,Medium
Residential,1571.82,124.0,Good,11.0,0.81,0.69,Electric,9.5,3655.98,Low
Residential,947.49,364.0,Poor,31.0,6.15,0.97,Hybrid,9.3,7600.62,High
Residential,1594.27,496.0,Average,28.0,35.45,0.81,Hybrid,9.57,8841.49,Low
Residential,3750.2,50.0,Good,11.0,18.34,0.92,Electric,3.96,2733.23,Medium
Residential,4350.63,201.0,Average,33.0,22.58,0.86,Gas,3.05,1878.57,Low
Commercial,4235.99,400.0,Average,17.0,26.52,0.56,Gas,4.42,9080.16,Medium
Commercial,2287.33,103.0,Poor,27.0,27.16,0.87,Electric,9.16,4149.06,Medium
Residential,3506.38,278.0,Average,9.0,37.27,0.64,Hybrid,9.78,5961.86,High
Commercial,1422.43,367.0,Poor,26.0,39.88,0.82,Gas,8.87,4235.89,Low
Commercial,1819.16,308.0,Good,19.0,28.81,0.67,Hybrid,2.88,2132.22,Low
Commercial,4533.51,95.0,Average,42.0,11.49,1.0,Gas,9.58,6303.98,Low
Commercial,558.51,178.0,Good,8.0,35.19,0.63,Electric,5.39,5726.27,High
Residential,884.79,392.0,Average,24.0,1.97,0.64,Hybrid,2.07,2826.94,High
Commercial,1435.49,278.0,Good,26.0,9.24,0.97,Gas,5.54,5066.82,Medium
Commercial,619.39,4.0,Average,38.0,35.9,0.51,Electric,2.37,8172.53,Medium
Residential,1316.46,381.0,Average,31.0,10.25,0.85,Electric,6.35,6313.83,Medium
Residential,3123.69,19.0,Average,35.0,8.83,0.86,Electric,4.71,1872.26,High
Commercial,2396.41,373.0,Average,40.0,5.53,0.92,Hybrid,5.79,5932.19,High
Commercial,4517.02,102.0,Average,44.0,34.36,0.99,Hybrid,6.91,7324.64,High
Commercial,4178.5,479.0,Average,19.0,20.0,0.99,Electric,8.95,8134.33,Medium
Commercial,2038.18,185.0,Average,29.0,27.0,0.53,Hybrid,7.3,6662.06,High
Commercial,1667.41,164.0,Average,43.0,9.56,0.91,Gas,5.47,2373.92,Medium
Commercial,2208.62,75.0,Average,50.0,30.32,0.82,Electric,8.56,7391.56,Medium
Residential,3156.33,153.0,Good,45.0,30.4,0.82,Electric,9.24,7096.08,Low
Commercial,1706.29,438.0,Poor,22.0,12.5,0.56,Hybrid,2.96,1219.84,Low
Commercial,3308.67,498.0,Average,14.0,16.43,0.83,Electric,6.26,4705.73,Low
Residential,2342.35,185.0,Poor,27.0,8.39,0.99,Gas,4.28,3996.55,Medium
Residential,2984.21,225.0,Average,38.0,39.06,0.96,Hybrid,2.38,7024.71,Low
Residential,2462.57,361.0,Average,27.0,25.82,0.72,Hybrid,7.35,2945.22,Low
Residential,1825.1,443.0,Good,27.0,37.38,0.52,Electric,8.9,6317.85,Low
Commercial,4768.04,297.0,Good,43.0,12.14,0.68,Electric,3.3,9218.85,High
Commercial,3936.23,196.0,Poor,21.0,31.28,0.91,Electric,8.5,8180.22,Medium
Commercial,1130.51,207.0,Good,44.0,30.63,0.85,Hybrid,8.83,9293.12,Low
Commercial,4408.11,348.0,Good,23.0,27.67,0.73,Electric,9.31,9806.55,High
Commercial,2693.44,3.0,Poor,20.0,38.63,0.53,Gas,4.12,1096.03,High
Commercial,4525.49,310.0,Good,25.0,15.74,0.71,Electric,9.23,6604.67,High
Residential,4099.35,178.0,Average,39.0,5.23,0.73,Electric,4.57,4715.55,Low
Commercial,2413.46,397.0,Poor,11.0,26.87,0.96,Hybrid,6.42,8738.69,High
Residential,601.11,47.0,Poor,14.0,29.17,0.82,Electric,2.4,3266.33,Medium
Residential,1709.05,295.0,Average,48.0,23.0,0.66,Hybrid,2.35,9829.27,High
Commercial,2937.35,241.0,Good,13.0,8.27,0.76,Electric,7.76,6523.37,High
Residential,3350.65,322.0,Poor,31.0,20.18,0.53,Gas,5.56,8141.84,High
Commercial,1660.49,33.0,Poor,31.0,12.49,0.99,Gas,4.05,1770.4,High
Residential,1127.1,290.0,Average,27.0,17.1,0.68,Hybrid,3.52,2651.12,Medium
Commercial,4257.19,281.0,Average,34.0,25.81,0.74,Hybrid,7.36,7825.63,Low
Residential,4929.81,281.0,Good,15.0,29.81,0.68,Electric,2.0,1197.88,Medium
Commercial,2865.61,302.0,Poor,30.0,9.29,0.84,Electric,8.45,8351.9,Medium
Commercial,1272.56,339.0,Good,22.0,16.21,0.83,Gas,2.63,1125.54,Low
Commercial,1725.38,403.0,Good,35.0,10.77,0.86,Electric,3.53,6914.07,High
Commercial,582.76,136.0,Average,11.0,7.95,0.63,Gas,5.09,4285.85,Low
Commercial,4614.34,413.0,Poor,31.0,31.34,0.66,Hybrid,5.88,6503.45,Low
Residential,1029.88,250.0,Poor,13.0,36.37,0.56,Electric,4.84,7264.28,Medium
Residential,3094.32,39.0,Poor,18.0,14.81,0.83,Hybrid,4.57,4082.28,Low
Residential,1733.25,30.0,Average,15.0,30.05,0.52,Electric,9.71,1971.66,High
Commercial,2993.8,168.0,Average,13.0,35.88,0.8,Gas,7.13,1626.81,Medium
Residential,3431.39,393.0,Average,42.0,33.84,0.93,Hybrid,2.19,6300.42,High
Commercial,4233.84,354.0,Average,18.0,7.31,0.95,Hybrid,5.44,5685.9,Medium
Commercial,1428.9,395.0,Average,47.0,38.25,0.72,Electric,9.0,7679.81,High
Residential,549.48,259.0,Poor,49.0,15.07,0.73,Hybrid,4.41,5587.62,Low
Residential,1115.99,221.0,Good,31.0,13.57,0.54,Gas,2.76,4802.01,Low
Commercial,4550.08,75.0,Poor,11.0,2.5,0.84,Hybrid,8.07,4582.78,Low
Residential,4432.51,165.0,Good,22.0,19.45,0.91,Hybrid,6.85,1238.02,High
Commercial,3188.36,218.0,Average,41.0,4.36,0.62,Electric,6.56,4020.01,Medium
Commercial,3202.33,45.0,Good,22.0,9.94,0.71,Hybrid,2.43,9784.18,Medium
Commercial,3492.67,111.0,Poor,9.0,12.68,0.92,Electric,3.12,8862.0,Medium
Commercial,1289.17,300.0,Poor,30.0,32.35,0.94,Electric,6.98,3964.4,Low
Commercial,4614.85,368.0,Good,43.0,35.02,0.62,Hybrid,3.66,6290.16,High
Residential,2384.47,499.0,Average,41.0,12.1,0.78,Gas,6.03,8625.67,Medium
Residential,2224.12,467.0,Average,13.0,34.35,0.6,Electric,6.36,4971.47,High
Commercial,2835.13,322.0,Poor,35.0,34.29,0.55,Hybrid,4.27,1161.62,Medium
Commercial,711.35,211.0,Good,15.0,30.59,0.96,Electric,9.59,1670.59,Low
Residential,1248.28,318.0,Average,15.0,5.87,0.91,Gas,8.74,5593.53,High
Residential,3821.15,393.0,Average,44.0,27.61,0.88,Gas,7.78,9724.95,Medium
Commercial,872.59,60.0,Poor,16.0,37.8,0.52,Electric,2.62,7238.89,Medium
Residential,3214.18,206.0,Average,17.0,27.3,0.92,Gas,2.85,1638.25,Medium
Commercial,1604.07,420.0,Good,5.0,13.26,0.72,Hybrid,5.94,2704.25,Medium
Residential,2251.83,193.0,Poor,44.0,20.02,0.67,Hybrid,3.29,7941.91,Low
Commercial,1799.12,286.0,Poor,41.0,25.83,0.77,Electric,9.83,8572.96,Medium
Residential,2100.53,294.0,Good,33.0,20.42,0.55,Gas,3.27,6559.25,Medium
Commercial,3735.71,93.0,Poor,39.0,4.8,0.88,Hybrid,5.9,6799.81,Low
Residential,1837.05,182.0,Average,12.0,12.48,0.79,Hybrid,4.91,1255.04,Medium
Residential,3048.82,168.0,Average,26.0,32.1,0.59,Hybrid,7.12,8456.77,High
Commercial,2642.23,14.0,Good,21.0,34.46,0.59,Electric,3.03,8094.48,High
Residential,3486.52,13.0,Average,9.0,5.49,0.59,Electric,5.44,3331.32,Medium
Commercial,4715.73,416.0,Good,27.0,38.1,0.53,Hybrid,4.2,7378.09,Low
Residential,3796.57,137.0,Good,46.0,13.15,0.79,Hybrid,9.1,2933.69,Low
Commercial,1467.23,260.0,Average,7.0,26.49,0.92,Gas,2.32,1362.97,Low
Residential,640.32,150.0,Good,18.0,30.07,0.51,Gas,9.31,2810.23,Medium
Commercial,1680.19,470.0,Average,14.0,32.48,0.52,Gas,8.66,2607.66,Medium
Residential,3177.85,130.0,Poor,16.0,37.83,0.79,Electric,4.38,4039.73,High
Commercial,731.42,215.0,Poor,46.0,12.52,0.91,Hybrid,8.31,4766.05,Low
Residential,2733.65,436.0,Good,26.0,34.34,0.66,Electric,2.25,5576.85,Medium
Commercial,3185.79,421.0,Average,26.0,5.27,0.67,Hybrid,9.73,5290.78,Medium
Commercial,2004.1,94.0,Average,39.0,28.2,0.8,Gas,6.21,3436.07,Medium
Commercial,3969.1,402.0,Poor,12.0,29.68,0.64,Gas,4.43,1262.54,Low
Residential,979.69,230.0,Poor,27.0,27.11,0.51,Gas,4.9,6445.91,Low
Commercial,838.12,242.0,Average,24.0,10.09,0.87,Gas,2.53,4561.7,High
Residential,3776.85,68.0,Good,32.0,34.92,0.81,Hybrid,9.91,3688.05,Low
Commercial,2729.71,41.0,Poor,50.0,6.75,0.79,Gas,2.31,8802.47,Medium
Residential,3597.81,364.0,Good,40.0,2.15,0.87,Hybrid,7.24,7720.69,High
Commercial,2456.72,249.0,Good,23.0,28.7,0.84,Hybrid,5.54,8719.89,Low
Residential,1608.81,219.0,Poor,42.0,19.02,0.6,Electric,9.59,5454.85,Low
Residential,4185.96,365.0,Good,13.0,33.96,0.68,Gas,3.97,2178.38,Low
Commercial,4097.37,383.0,Good,6.0,15.34,0.56,Gas,6.26,7265.99,Low
Residential,3626.13,80.0,Average,14.0,6.73,0.56,Electric,5.86,2854.66,Medium
Residential,1724.65,306.0,Good,20.0,33.46,0.84,Hybrid,7.62,4971.07,Low
Commercial,3156.04,69.0,Average,28.0,21.96,0.93,Gas,2.54,1585.01,Medium
Residential,2124.38,376.0,Poor,33.0,7.57,0.98,Hybrid,3.55,8427.78,Medium
Residential,912.12,329.0,Poor,46.0,28.82,0.81,Electric,3.72,2133.47,Medium
Residential,4627.91,478.0,Average,28.0,20.44,0.59,Hybrid,7.91,9127.88,High
Commercial,1115.68,35.0,Poor,28.0,24.17,0.55,Gas,3.51,8778.08,Medium
Residential,4776.07,29.0,Good,7.0,18.44,0.91,Hybrid,6.59,5181.24,Low
Commercial,2507.03,142.0,Good,7.0,33.15,0.79,Hybrid,3.72,7699.31,High
Residential,1333.1,132.0,Good,30.0,33.18,0.81,Gas,8.89,6575.01,Low
Residential,2938.55,124.0,Poor,25.0,28.38,0.89,Gas,9.54,8227.68,Medium
Residential,4428.26,453.0,Good,43.0,4.22,0.85,Hybrid,6.15,4886.25,Low
Commercial,3795.01,126.0,Poor,12.0,33.55,0.92,Hybrid,4.82,8072.28,High
Residential,4129.53,137.0,Good,6.0,26.84,0.53,Electric,3.87,5162.11,High
Residential,3464.53,380.0,Average,25.0,27.88,0.87,Gas,2.4,9468.69,Low
Commercial,3615.24,225.0,Poor,16.0,14.52,0.93,Hybrid,4.15,5377.35,Low
Residential,4321.38,389.0,Poor,7.0,35.17,0.64,Gas,7.23,5163.57,Low
Commercial,1623.51,34.0,Good,38.0,29.01,0.82,Electric,6.27,8065.65,High
Commercial,2702.41,244.0,Poor,10.0,4.5,0.66,Hybrid,9.55,8394.2,Medium
Residential,1495.44,18.0,Poor,32.0,16.31,0.98,Hybrid,5.17,5990.4,Low
Commercial,4944.51,32.0,Average,18.0,35.46,0.52,Hybrid,7.55,2618.18,Medium
Residential,4748.27,453.0,Average,13.0,1.89,0.79,Gas,5.91,5209.82,High
Commercial,677.42,70.0,Good,22.0,38.46,0.58,Electric,6.1,9712.65,Low
Commercial,3675.09,267.0,Average,41.0,27.17,0.86,Gas,4.14,7776.88,Low
Residential,4663.62,206.0,Good,23.0,25.26,0.59,Hybrid,5.64,8300.46,High
Commercial,1312.59,174.0,Good,39.0,10.82,0.62,Electric,5.77,1295.43,Low
Commercial,3055.75,450.0,Good,11.0,9.95,0.75,Hybrid,7.65,5210.74,Medium
Commercial,4619.7,12.0,Poor,40.0,37.68,0.96,Hybrid,9.53,6819.59,High
Commercial,652.76,332.0,Average,16.0,11.93,0.61,Gas,4.63,8470.29,High
Commercial,3638.39,482.0,Good,35.0,31.02,0.57,Hybrid,2.34,1443.46,Low
Residential,1838.07,281.0,Average,30.0,15.72,0.88,Electric,5.97,8671.95,High
Commercial,4659.78,468.0,Good,47.0,5.57,0.75,Hybrid,6.36,5935.61,Low
Residential,4869.76,27.0,Average,22.0,0.43,0.96,Hybrid,3.35,2775.83,Low
Commercial,4749.2,210.0,Average,8.0,21.77,0.57,Gas,8.08,3855.3,High
Residential,2633.96,131.0,Good,6.0,39.03,0.82,Electric,9.88,3537.37,Low
Residential,4379.19,366.0,Poor,42.0,14.77,0.62,Gas,9.57,5777.73,Medium
Commercial,4300.47,491.0,Average,29.0,14.29,0.58,Hybrid,3.58,1465.17,Medium
Commercial,1935.95,129.0,Poor,40.0,13.76,0.84,Gas,9.0,2426.83,Low
Commercial,4230.12,327.0,Poor,16.0,20.82,0.8,Gas,7.64,8314.24,Medium
Residential,666.53,100.0,Good,21.0,17.63,0.88,Gas,5.63,2193.44,Low
Commercial,3183.21,283.0,Good,6.0,35.2,0.65,Gas,6.32,3100.57,Medium
Residential,1535.04,233.0,Good,48.0,20.22,0.72,Hybrid,8.8,5080.34,High
Residential,1042.55,486.0,Average,35.0,20.31,0.7,Hybrid,5.84,5654.09,Low
Residential,846.29,305.0,Good,47.0,5.53,0.99,Electric,4.99,7872.49,Low
Commercial,3633.3,175.0,Good,17.0,39.31,0.65,Gas,5.95,5025.99,Low
Commercial,2029.44,58.0,Average,33.0,10.0,0.65,Gas,6.63,8108.78,Low
Residential,3761.45,76.0,Average,36.0,2.93,0.68,Electric,3.51,6565.12,Low
Residential,794.1,113.0,Good,19.0,26.53,0.78,Gas,9.21,2017.9,Low
Commercial,1918.81,126.0,Good,43.0,23.81,0.63,Electric,7.39,2406.98,High
Residential,2927.71,425.0,Good,48.0,16.61,0.96,Hybrid,7.07,4933.3,High
Commercial,4058.25,281.0,Good,45.0,16.89,0.63,Electric,2.8,4572.0,Medium
Residential,1934.39,262.0,Poor,38.0,31.4,0.95,Gas,6.83,7691.9,Low
Commercial,3316.51,58.0,Poor,17.0,7.83,0.55,Electric,2.97,6226.63,Medium
Residential,4486.9,430.0,Good,18.0,32.81,0.83,Hybrid,2.63,4493.2,Medium
Commercial,3271.38,362.0,Poor,48.0,25.95,0.95,Gas,6.22,2536.84,High
Residential,1548.32,35.0,Average,5.0,16.76,0.58,Hybrid,5.22,3041.53,Medium
Commercial,609.8,354.0,Poor,37.0,18.32,0.98,Hybrid,6.71,6179.51,High
Commercial,4415.44,272.0,Poor,37.0,10.27,0.73,Electric,2.71,4810.95,Medium
Residential,595.71,42.0,Good,33.0,30.08,0.97,Hybrid,5.45,5634.35,Low
Residential,4436.16,230.0,Poor,50.0,20.51,0.84,Gas,3.4,2536.1,Medium
Commercial,2880.22,243.0,Poor,19.0,12.83,0.65,Hybrid,9.9,6966.16,High
Residential,4725.8,84.0,Poor,20.0,23.84,0.59,Hybrid,6.49,8672.85,High
Commercial,4094.52,473.0,Poor,9.0,39.83,0.65,Electric,7.5,3321.46,High
Residential,4990.7,425.0,Average,25.0,17.41,0.55,Hybrid,4.6,5423.63,Medium
Commercial,2078.2,335.0,Good,17.0,36.83,0.57,Electric,2.76,9779.75,Medium
Commercial,3952.35,232.0,Good,20.0,13.8,0.55,Electric,9.81,3999.18,High
Commercial,2308.69,206.0,Average,43.0,2.19,0.71,Gas,4.29,6355.42,Low
Commercial,2659.44,326.0,Poor,47.0,8.17,0.9,Gas,5.39,1811.76,Low
Commercial,3323.77,273.0,Average,13.0,16.75,0.57,Gas,7.2,6454.14,Medium
Commercial,4431.55,32.0,Poor,22.0,8.79,0.57,Gas,2.2,1806.69,Medium
Residential,4928.38,257.0,Average,47.0,0.01,0.82,Electric,8.48,9633.12,High
Residential,3957.23,403.0,Good,8.0,36.6,0.6,Hybrid,6.29,7440.96,Medium
Residential,2379.95,230.0,Good,9.0,33.76,0.55,Gas,4.23,8093.44,Medium
Commercial,2396.11,27.0,Good,12.0,29.69,0.58,Gas,2.49,7336.94,High
Commercial,3819.12,393.0,Poor,32.0,6.71,0.96,Gas,3.3,6307.56,High
Commercial,1574.5,101.0,Poor,12.0,4.81,0.91,Hybrid,9.16,5049.22,Medium
Commercial,997.13,130.0,Average,49.0,2.7,0.68,Gas,7.49,8725.36,Low
Residential,2095.8,83.0,Average,25.0,28.96,0.83,Hybrid,4.0,9611.52,Medium
Residential,1792.58,166.0,Good,28.0,37.15,0.77,Electric,2.52,5491.33,Low
Commercial,1833.39,379.0,Poor,16.0,17.22,0.84,Electric,7.52,9383.82,Low
Residential,1551.23,260.0,Average,26.0,4.77,0.84,Electric,6.58,6250.0,Low
Residential,689.42,103.0,Poor,35.0,20.5,0.81,Hybrid,5.24,5845.46,High
Commercial,580.43,439.0,Poor,39.0,13.95,0.63,Gas,4.91,5090.34,High
Residential,4944.75,440.0,Good,39.0,14.99,0.52,Gas,3.73,2883.59,High
Commercial,2424.98,435.0,Good,31.0,24.85,0.73,Gas,7.36,1033.48,Medium
Residential,2229.47,120.0,Poor,46.0,28.75,0.95,Gas,9.77,3173.56,High
Commercial,3558.41,226.0,Poor,42.0,4.42,0.78,Gas,3.41,5587.51,High
Commercial,1482.14,493.0,Poor,39.0,1.42,0.92,Hybrid,6.78,4419.64,Medium
Commercial,4774.83,386.0,Poor,8.0,39.77,1.0,Electric,5.39,5036.37,Medium
Commercial,4038.55,15.0,Good,5.0,9.31,0.58,Gas,5.57,9825.83,Low
Residential,902.35,34.0,Average,15.0,2.15,0.85,Electric,4.03,4152.45,Medium
Commercial,2379.11,233.0,Good,35.0,7.6,0.84,Hybrid,8.6,5069.65,Medium
Commercial,4456.03,455.0,Average,24.0,1.56,0.99,Hybrid,5.88,2201.64,High
Commercial,4751.29,270.0,Poor,23.0,15.67,0.99,Gas,6.35,1431.62,Low
Residential,2603.31,249.0,Average,45.0,32.1,0.84,Hybrid,4.44,7978.69,Low
Commercial,3260.35,54.0,Good,45.0,13.65,0.62,Electric,3.45,6136.15,Medium
Residential,1251.65,329.0,Good,46.0,17.77,0.9,Gas,2.69,7846.34,High
Commercial,4960.26,411.0,Poor,19.0,27.02,0.55,Gas,7.71,2348.77,High
Residential,1542.52,191.0,Good,36.0,20.36,0.89,Electric,3.57,6146.46,High
Residential,4742.29,388.0,Poor,17.0,34.46,0.96,Gas,7.52,3282.78,High
Commercial,3423.41,482.0,Good,14.0,34.64,0.69,Gas,5.12,3052.56,Medium
Residential,3234.82,103.0,Good,13.0,0.4,0.82,Electric,5.33,1103.73,High
Commercial,2807.1,262.0,Poor,20.0,31.12,0.72,Gas,5.75,2173.07,Low
Commercial,1538.01,144.0,Average,24.0,18.43,0.72,Gas,4.94,3783.41,Low
Commercial,1294.38,397.0,Good,42.0,39.55,0.66,Electric,2.8,2051.91,Medium
Residential,1492.19,289.0,Average,10.0,19.33,0.88,Hybrid,4.48,9872.73,High
Residential,1338.97,318.0,Good,38.0,39.48,0.97,Electric,7.31,3777.69,High
Commercial,4008.13,399.0,Good,29.0,30.18,0.97,Gas,7.33,2172.92,High
Commercial,2075.56,199.0,Good,18.0,9.94,0.59,Electric,4.29,2791.74,High
Residential,760.29,458.0,Good,27.0,21.54,0.94,Gas,5.68,6289.33,Medium
Commercial,4860.96,267.0,Average,18.0,39.69,0.87,Gas,3.55,1576.39,High
Commercial,4477.04,80.0,Average,32.0,34.3,0.63,Electric,3.68,8761.91,Medium
Commercial,4674.89,348.0,Good,25.0,3.89,0.53,Gas,2.18,9653.5,High
Residential,4977.09,397.0,Good,12.0,28.25,0.63,Hybrid,9.17,3220.73,High
Residential,1282.53,159.0,Average,10.0,13.82,0.96,Gas,3.69,5050.86,Low
Residential,2283.09,429.0,Poor,30.0,0.28,0.82,Electric,3.82,1199.21,Medium
Commercial,3912.07,453.0,Poor,46.0,16.14,0.86,Hybrid,4.24,6766.39,Low
Commercial,3632.09,139.0,Average,20.0,9.39,0.63,Hybrid,3.02,4725.33,Medium
Commercial,1192.53,492.0,Good,38.0,32.75,0.86,Gas,7.11,3430.53,High
Residential,4171.25,71.0,Good,35.0,13.49,0.51,Electric,2.6,2861.53,High
Commercial,1509.98,102.0,Poor,47.0,33.1,0.69,Gas,3.07,6886.21,Medium
Commercial,1507.18,93.0,Poor,42.0,0.02,0.81,Gas,7.16,4745.95,Low
Commercial,2916.38,447.0,Average,30.0,12.31,0.57,Electric,4.72,2616.93,Medium
Commercial,3168.23,327.0,Poor,35.0,9.65,0.91,Electric,7.66,7201.98,Medium
Residential,3110.39,77.0,Average,45.0,9.34,0.62,Gas,6.46,6085.65,High
Residential,911.69,221.0,Poor,23.0,2.73,0.83,Hybrid,4.05,8728.05,Low
Commercial,4448.57,308.0,Poor,20.0,7.48,0.7,Gas,7.21,2057.28,Medium
Residential,1695.2,43.0,Poor,5.0,22.22,0.8,Hybrid,2.93,8071.0,Low
Residential,1082.82,441.0,Good,42.0,11.65,0.55,Gas,6.29,7061.65,Low
Commercial,4499.37,402.0,Good,41.0,16.7,0.51,Electric,5.5,2035.1,Medium
Commercial,4800.43,253.0,Good,10.0,15.07,0.95,Hybrid,4.14,7253.39,Low
Residential,4379.57,484.0,Poor,31.0,35.04,0.63,Electric,6.83,4973.93,High
Commercial,4142.82,209.0,Average,26.0,36.21,0.91,Electric,8.97,9504.86,High
Residential,3448.59,492.0,Average,10.0,19.72,1.0,Electric,9.99,2274.5,High
Commercial,2978.86,334.0,Average,49.0,13.21,0.61,Electric,6.86,6785.5,High
Residential,891.44,318.0,Average,15.0,4.27,0.63,Electric,5.24,4437.82,Low
Commercial,2338.04,84.0,Good,8.0,38.14,0.83,Gas,3.8,9611.33,High
Residential,2177.1,441.0,Good,32.0,2.41,0.98,Hybrid,4.06,3969.77,Medium
Residential,1668.89,214.0,Poor,38.0,11.91,0.96,Gas,5.84,9659.67,High
Residential,3755.39,82.0,Poor,6.0,11.92,0.75,Gas,4.94,9113.37,Medium
Commercial,2731.44,7.0,Average,35.0,12.82,0.9,Gas,9.31,3433.45,Medium
Residential,864.71,280.0,Good,29.0,6.57,0.57,Electric,4.95,8231.88,High
Residential,1490.82,264.0,Average,10.0,31.33,0.99,Gas,4.99,9960.44,High
Commercial,3574.66,360.0,Poor,13.0,4.9,0.98,Hybrid,5.07,3273.97,Low
Commercial,842.59,445.0,Poor,31.0,25.4,0.58,Gas,8.69,4930.99,Medium
Residential,4330.43,41.0,Average,18.0,4.95,0.65,Electric,7.21,5681.63,High
Residential,2728.16,366.0,Poor,47.0,2.82,0.55,Hybrid,6.91,3654.38,Low
Commercial,2662.64,95.0,Average,42.0,36.38,0.64,Hybrid,4.67,1137.38,High
Commercial,3165.84,429.0,Good,49.0,7.61,0.91,Hybrid,8.54,2981.16,High
Commercial,4211.06,410.0,Average,17.0,32.85,0.69,Hybrid,2.31,3537.43,High
Commercial,2065.14,271.0,Good,49.0,21.79,0.54,Gas,8.97,4992.4,Medium
Commercial,3551.07,355.0,Good,24.0,3.11,0.67,Electric,6.1,2539.92,High
Residential,3045.79,158.0,Poor,21.0,38.22,0.99,Hybrid,5.19,8859.29,Low
Commercial,1701.63,236.0,Poor,7.0,9.88,0.81,Hybrid,5.98,7344.2,High
Residential,4453.83,411.0,Poor,7.0,34.39,0.71,Electric,7.34,1766.8,High
Residential,4088.42,230.0,Average,36.0,6.75,0.58,Gas,2.1,6850.83,Low
Residential,3463.03,180.0,Average,26.0,34.16,0.99,Hybrid,8.97,6882.91,Low
Commercial,4327.62,248.0,Poor,15.0,0.53,0.91,Gas,5.57,9605.99,Medium
Residential,4402.82,414.0,Average,33.0,20.47,0.64,Gas,4.74,1027.19,Medium
Residential,3687.63,168.0,Poor,16.0,30.78,0.54,Gas,3.11,3231.39,Medium
Commercial,4266.56,88.0,Average,31.0,37.39,0.53,Gas,5.52,9350.12,Medium
Residential,3638.62,356.0,Good,21.0,36.37,0.56,Hybrid,5.97,9389.21,Low
Residential,3560.63,413.0,Good,42.0,32.78,0.79,Hybrid,5.23,7485.28,High
Commercial,3283.75,51.0,Poor,42.0,35.53,0.96,Gas,7.43,7891.87,High
Residential,3887.22,121.0,Average,26.0,7.97,0.75,Gas,5.37,1823.35,High
Residential,1213.72,72.0,Average,21.0,11.37,0.92,Electric,9.69,5624.88,Medium
Residential,4463.92,175.0,Good,21.0,11.56,0.72,Electric,6.79,3084.25,Low
Commercial,4423.3,226.0,Good,41.0,15.08,0.85,Electric,8.46,2630.96,Low
Commercial,631.61,375.0,Poor,20.0,15.73,0.87,Hybrid,2.87,8292.73,Low
Commercial,4216.18,326.0,Good,14.0,21.78,0.59,Electric,5.18,2215.34,High
Residential,1079.91,311.0,Poor,9.0,6.4,0.68,Hybrid,4.69,5217.86,Medium
Residential,2008.03,177.0,Good,26.0,27.65,0.82,Hybrid,6.56,9447.2,Low
Commercial,3845.79,421.0,Good,27.0,6.7,0.54,Hybrid,8.89,2672.49,Medium
Residential,1223.42,236.0,Average,43.0,12.41,0.68,Hybrid,2.63,9801.94,Low
Residential,4180.85,490.0,Good,15.0,20.13,0.77,Electric,2.58,9948.59,Medium
Commercial,4244.6,317.0,Good,22.0,31.86,1.0,Gas,8.8,6000.55,Low
Commercial,2783.6,64.0,Poor,41.0,29.58,0.74,Gas,3.7,2531.28,Medium
Residential,528.74,338.0,Good,42.0,25.82,0.91,Gas,7.35,3844.94,Low
Residential,1791.67,163.0,Poor,22.0,6.23,0.72,Electric,6.34,4820.44,Low
Residential,3276.17,343.0,Good,26.0,21.88,0.9,Gas,8.66,3783.92,Medium
Commercial,4915.34,36.0,Good,19.0,3.5,0.8,Electric,3.0,3525.72,Medium
Commercial,3343.16,88.0,Poor,47.0,15.09,0.94,Electric,3.04,9750.07,High
Commercial,1669.12,428.0,Average,10.0,16.54,0.71,Electric,6.45,2380.28,Medium
Commercial,3353.03,114.0,Poor,47.0,1.59,0.8,Gas,9.57,7599.95,Low
Residential,2929.93,419.0,Poor,36.0,10.96,0.82,Gas,5.32,1003.69,Low
Commercial,4009.3,140.0,Poor,29.0,38.23,0.71,Gas,4.62,6365.64,Medium
Commercial,981.41,322.0,Average,6.0,38.15,0.57,Hybrid,6.85,9243.49,High
Commercial,3924.63,347.0,Good,26.0,14.09,0.55,Electric,9.44,3591.41,Medium
Commercial,2935.7,257.0,Poor,23.0,1.72,0.51,Hybrid,8.7,2669.73,Low
Commercial,4833.46,153.0,Poor,12.0,7.16,0.94,Electric,9.96,6865.12,Low
Residential,2038.42,107.0,Average,35.0,15.69,0.62,Gas,2.18,7413.41,High
Residential,3346.8,18.0,Poor,49.0,37.91,0.61,Electric,2.9,7192.27,Medium
Commercial,4694.13,153.0,Good,30.0,5.65,0.87,Electric,6.88,3873.85,Low
Residential,961.29,327.0,Average,37.0,30.54,0.66,Hybrid,8.56,3269.82,Low
Commercial,4717.53,469.0,Good,8.0,4.35,0.75,Electric,4.28,9603.27,Low
Commercial,3595.49,436.0,Good,24.0,39.25,0.58,Gas,3.91,9309.7,Medium
Residential,805.27,383.0,Average,10.0,15.26,0.98,Electric,8.3,5115.85,Medium
Residential,1854.34,394.0,Poor,33.0,31.01,0.93,Electric,2.45,8615.74,High
Commercial,3686.77,333.0,Good,47.0,13.7,0.93,Electric,4.96,5070.91,Low
Commercial,803.08,131.0,Good,35.0,25.11,0.7,Hybrid,6.05,4819.5,Low
Commercial,3119.77,454.0,Good,8.0,7.68,0.88,Electric,6.48,2410.87,High
Residential,2056.47,336.0,Good,21.0,5.84,0.57,Electric,7.83,4837.65,Low
Commercial,3294.12,281.0,Average,30.0,37.52,0.5,Hybrid,4.84,5836.75,High
Commercial,705.84,56.0,Average,23.0,36.71,0.51,Hybrid,6.9,1202.54,High
Commercial,4421.92,224.0,Good,43.0,35.5,0.79,Hybrid,6.68,4997.02,Low
Residential,4880.7,231.0,Poor,42.0,25.02,0.73,Hybrid,6.38,8032.21,Medium
Commercial,4859.95,432.0,Good,33.0,32.33,0.76,Gas,7.12,7120.41,Medium
Commercial,3873.43,274.0,Poor,22.0,2.76,0.5,Gas,4.08,6716.41,Medium
Residential,1085.39,191.0,Good,16.0,13.39,0.71,Electric,2.68,9186.0,Medium
Commercial,3912.18,488.0,Poor,10.0,12.55,0.86,Gas,2.95,1162.29,Low
Commercial,610.64,56.0,Good,21.0,25.43,0.72,Electric,3.8,6013.43,High
Residential,599.56,212.0,Poor,24.0,14.24,0.87,Gas,6.0,8086.14,High
Commercial,1956.25,22.0,Good,35.0,5.94,0.62,Hybrid,8.72,5872.02,Low
Residential,2698.89,370.0,Good,35.0,23.86,0.91,Hybrid,7.61,3915.06,Medium
Residential,3966.83,459.0,Poor,8.0,32.58,0.79,Gas,8.31,2226.26,High
Commercial,3574.83,141.0,Average,23.0,15.28,0.61,Gas,4.81,8988.07,Low
Commercial,2506.56,429.0,Poor,13.0,5.29,0.62,Electric,5.24,5236.86,Low
Commercial,1731.32,147.0,Average,12.0,7.87,0.81,Electric,5.15,8903.04,Medium
Commercial,4987.06,455.0,Good,42.0,9.5,0.91,Electric,3.53,6272.67,Low
Residential,2417.82,377.0,Poor,7.0,12.0,0.71,Hybrid,2.49,7067.73,High
Commercial,2531.24,403.0,Poor,24.0,25.71,0.63,Hybrid,6.73,8238.35,High
Residential,1236.31,10.0,Poor,13.0,24.04,0.93,Hybrid,9.91,6932.4,Low
Commercial,4076.64,481.0,Average,45.0,27.84,0.83,Hybrid,3.33,4582.49,High
Commercial,3621.57,364.0,Average,30.0,14.5,0.72,Electric,2.37,5622.7,Low
Commercial,1493.46,153.0,Good,15.0,32.96,0.74,Hybrid,8.24,8227.41,High
Residential,870.71,415.0,Average,28.0,8.16,0.6,Hybrid,4.02,4362.85,Medium
Commercial,3562.25,141.0,Average,38.0,18.76,0.81,Hybrid,8.64,4493.09,High
Commercial,3445.3,437.0,Good,48.0,32.04,0.68,Hybrid,7.63,1861.21,Medium
Commercial,1729.67,57.0,Poor,15.0,7.21,1.0,Gas,9.57,9231.26,Medium
Commercial,4778.89,352.0,Poor,45.0,4.39,0.74,Electric,5.27,1819.33,Low
Residential,1179.76,271.0,Good,47.0,35.35,0.74,Electric,7.3,6833.88,Medium
Commercial,2445.51,49.0,Poor,46.0,13.72,0.78,Hybrid,5.72,4718.75,High
Residential,4746.27,122.0,Average,34.0,27.35,0.96,Gas,7.04,4650.57,High
Residential,2388.77,7.0,Good,33.0,1.01,0.9,Electric,5.6,7115.97,Medium
Residential,3373.37,235.0,Good,23.0,27.6,0.73,Electric,3.51,1603.84,Low
Residential,2289.17,151.0,Good,39.0,12.64,0.86,Hybrid,6.06,6343.35,Medium
Residential,1733.97,300.0,Poor,29.0,2.23,0.79,Hybrid,6.23,7948.29,High
Residential,4927.9,149.0,Good,35.0,24.39,0.75,Electric,8.48,8453.91,High
Commercial,2342.0,151.0,Good,24.0,9.63,0.6,Electric,7.88,2534.77,Medium
Residential,4523.45,372.0,Good,38.0,15.47,0.73,Gas,7.31,9076.77,Medium
Residential,1534.8,25.0,Poor,42.0,3.22,0.62,Electric,2.91,6905.31,Medium
Residential,1458.97,452.0,Average,12.0,5.89,0.96,Electric,7.76,8936.69,High
Commercial,640.1,426.0,Good,42.0,11.92,0.67,Hybrid,6.0,5367.53,High
Commercial,3432.5,334.0,Average,29.0,3.59,0.98,Electric,9.15,5878.3,High
Residential,2158.37,297.0,Poor,43.0,36.43,0.77,Hybrid,9.36,9271.34,Low
Commercial,4389.61,446.0,Poor,24.0,0.24,0.82,Electric,2.44,9099.19,High
Residential,2629.44,93.0,Poor,22.0,19.35,0.77,Electric,8.57,5033.45,High
Residential,4856.87,40.0,Poor,46.0,4.93,0.56,Electric,2.3,3469.71,Low
Commercial,1334.86,121.0,Average,16.0,12.31,0.69,Gas,4.94,4538.53,Low
Residential,4408.8,397.0,Good,43.0,37.04,0.55,Hybrid,6.34,4489.88,Low
Commercial,3994.69,18.0,Poor,27.0,6.47,0.81,Gas,3.18,3581.8,Low
Commercial,3969.15,292.0,Poor,28.0,38.63,0.72,Electric,7.97,3417.22,Low
Residential,4301.52,498.0,Average,19.0,8.23,0.89,Gas,2.07,8749.57,Low
Residential,3924.61,428.0,Average,31.0,29.66,0.61,Hybrid,3.35,1628.76,Medium
Commercial,3317.99,261.0,Poor,20.0,21.87,0.58,Electric,6.65,7098.5,Medium
Residential,1090.6,33.0,Good,7.0,35.38,0.7,Gas,7.72,2555.38,Medium
Residential,646.37,416.0,Good,17.0,22.16,0.96,Gas,9.33,4100.55,Medium
Residential,4643.82,300.0,Poor,5.0,21.38,0.86,Hybrid,7.64,1553.89,High
Commercial,3274.93,58.0,Average,49.0,7.82,0.71,Gas,7.37,3429.76,Low
Commercial,4084.42,48.0,Poor,48.0,6.65,0.76,Hybrid,5.15,7915.79,High
Residential,2666.85,455.0,Poor,23.0,36.66,0.54,Electric,2.01,8965.14,Low
Commercial,1027.89,335.0,Average,38.0,13.11,0.99,Electric,2.96,2993.74,Low
Commercial,1063.34,415.0,Poor,21.0,14.88,0.83,Gas,6.28,5171.93,High
Commercial,3585.04,440.0,Poor,35.0,30.39,0.64,Electric,7.4,5232.92,Medium
Commercial,2436.38,286.0,Poor,41.0,13.55,0.79,Electric,5.34,8862.18,High
Commercial,1402.36,259.0,Average,48.0,38.08,0.55,Gas,7.85,7865.19,High
Residential,2712.18,216.0,Good,23.0,29.52,0.98,Electric,6.17,5617.69,Low
Residential,788.94,159.0,Good,40.0,23.9,0.59,Gas,2.59,7036.72,Low
Residential,3118.87,218.0,Average,17.0,35.24,0.82,Hybrid,3.54,8626.2,Low
Commercial,1710.47,387.0,Good,50.0,1.98,0.62,Hybrid,8.72,1085.85,Medium
Commercial,4089.02,301.0,Poor,6.0,10.28,0.86,Hybrid,7.8,4626.01,High
Residential,1896.63,446.0,Good,32.0,18.6,0.89,Gas,9.16,9165.19,High
Commercial,2548.49,222.0,Poor,35.0,9.08,0.84,Gas,2.94,7662.82,Medium
Residential,552.29,304.0,Good,36.0,29.76,0.81,Electric,9.92,5885.57,High
Residential,826.01,316.0,Average,10.0,36.77,0.95,Electric,3.68,5766.8,High
Residential,2266.22,296.0,Good,47.0,16.95,0.54,Electric,2.09,4129.93,Low
Commercial,2659.72,352.0,Good,13.0,13.69,0.67,Electric,9.98,5684.68,Medium
Commercial,3200.09,119.0,Good,33.0,38.46,0.62,Electric,4.25,6898.45,Low
Residential,1812.48,257.0,Average,15.0,17.79,0.99,Gas,7.34,4765.27,Medium
Residential,3627.42,53.0,Good,19.0,19.56,0.69,Gas,3.41,7427.38,Low
Residential,4370.55,193.0,Average,30.0,14.07,0.87,Hybrid,6.64,8751.09,High
Residential,4009.33,244.0,Poor,24.0,36.38,0.84,Hybrid,9.23,2392.16,Medium
Commercial,678.28,326.0,Good,12.0,22.76,0.61,Hybrid,4.56,5063.92,Medium
Commercial,2662.28,475.0,Average,13.0,30.49,0.62,Hybrid,7.36,4672.18,Low
Residential,972.19,301.0,Average,24.0,32.47,0.64,Gas,3.5,7187.18,Medium
Residential,1589.2,372.0,Good,39.0,13.67,0.71,Gas,7.0,3248.81,High
Commercial,4939.98,254.0,Poor,45.0,17.35,0.62,Gas,4.69,6762.26,High
Commercial,1141.23,317.0,Average,9.0,33.94,0.51,Electric,3.69,8897.4,High
Residential,2745.0,36.0,Good,23.0,14.53,0.94,Electric,4.51,4763.18,Low
Residential,3281.7,128.0,Poor,10.0,31.76,0.98,Hybrid,3.43,9199.14,Medium
Residential,3661.09,182.0,Average,6.0,37.64,0.67,Electric,9.22,9938.47,Low
Commercial,3018.42,237.0,Average,35.0,24.93,0.67,Gas,5.18,1954.83,High
Commercial,543.97,24.0,Poor,32.0,29.67,0.5,Hybrid,3.96,3097.48,Medium
Commercial,1969.08,71.0,Poor,12.0,32.2,0.84,Hybrid,5.59,9553.42,High
Residential,2829.7,139.0,Good,16.0,33.8,0.91,Electric,4.56,9624.95,Medium
Residential,895.4,486.0,Good,6.0,15.8,0.57,Hybrid,7.96,1879.37,Medium
Commercial,2077.82,166.0,Average,43.0,2.05,0.58,Electric,9.77,1134.99,Low
Commercial,649.41,242.0,Poor,49.0,16.08,0.9,Electric,5.5,2449.9,Medium
Residential,853.6,99.0,Poor,11.0,26.95,0.81,Hybrid,8.89,9964.12,High
Commercial,2286.15,306.0,Poor,15.0,18.01,0.52,Electric,6.53,2620.0,Medium
Commercial,1097.22,141.0,Average,44.0,29.96,0.81,Electric,3.26,5522.93,High
Residential,3053.93,104.0,Poor,47.0,14.28,0.65,Electric,7.52,8635.76,Low
Commercial,3602.59,259.0,Poor,24.0,25.39,0.68,Electric,6.11,1183.61,High
Residential,4102.64,4.0,Average,7.0,7.46,0.88,Hybrid,7.2,6440.4,Medium
Residential,1400.68,5.0,Good,7.0,29.97,0.91,Gas,9.12,3493.23,High
Residential,1253.67,110.0,Good,31.0,21.83,0.7,Gas,5.52,8761.01,High
Residential,970.56,19.0,Average,23.0,8.16,0.97,Electric,9.21,3551.15,Medium
Residential,3363.94,55.0,Poor,6.0,11.68,0.7,Electric,8.01,7180.8,High
Residential,3679.14,170.0,Average,31.0,29.94,0.89,Electric,5.91,7067.98,Medium
Residential,642.14,401.0,Good,6.0,19.3,0.74,Gas,6.83,2993.44,Low
Commercial,4712.96,286.0,Good,40.0,8.64,0.95,Electric,4.6,1313.19,High
Residential,733.87,257.0,Average,19.0,38.69,0.95,Hybrid,9.87,4683.25,Low
Residential,2935.83,147.0,Average,7.0,28.61,0.54,Hybrid,7.34,3602.74,High
Commercial,3690.77,466.0,Good,31.0,38.29,0.97,Hybrid,2.35,8280.8,High
Commercial,4419.36,199.0,Average,23.0,17.08,0.91,Gas,4.61,8203.28,Low
Commercial,3713.39,44.0,Good,49.0,19.0,0.9,Electric,6.99,5113.22,High
Residential,4107.78,309.0,Average,29.0,35.92,0.6,Electric,2.45,6458.61,High
Commercial,2027.53,58.0,Average,17.0,21.0,0.9,Electric,2.19,6438.34,Low
Residential,4166.71,173.0,Average,37.0,28.29,0.93,Gas,5.6,8444.42,High
Residential,860.52,254.0,Good,17.0,10.09,0.64,Gas,4.66,4825.02,Medium
Residential,4526.67,437.0,Average,46.0,17.87,0.98,Gas,5.51,3479.02,High
Residential,2964.17,247.0,Good,22.0,4.94,0.52,Gas,4.1,3385.31,High
Commercial,4177.84,351.0,Good,30.0,8.24,0.57,Hybrid,3.32,5825.73,High
Commercial,2535.43,496.0,Average,7.0,0.04,0.77,Gas,7.51,5042.33,Low
Residential,3396.1,67.0,Average,24.0,1.57,0.79,Gas,6.12,4961.09,Medium
Residential,2868.81,138.0,Good,42.0,39.09,0.82,Gas,3.6,1820.24,Medium
Residential,3792.15,198.0,Good,41.0,9.69,0.51,Electric,4.56,7467.43,High
Commercial,867.33,211.0,Poor,15.0,26.53,0.98,Electric,6.73,2923.63,Low
Residential,771.58,206.0,Good,15.0,33.56,0.52,Electric,2.58,2772.58,Low
Residential,1611.96,454.0,Poor,42.0,22.03,0.57,Hybrid,3.18,4714.82,Medium
Commercial,1217.95,357.0,Poor,47.0,6.13,0.51,Hybrid,2.59,3050.01,Low
Commercial,4423.03,304.0,Poor,9.0,29.12,0.78,Gas,8.5,6254.72,High
Residential,1486.46,155.0,Average,25.0,24.01,0.97,Electric,8.02,4343.17,High
Commercial,4891.39,412.0,Average,20.0,29.25,0.83,Hybrid,8.03,5040.21,Low
Commercial,2016.03,478.0,Good,44.0,30.79,0.91,Electric,7.73,5834.52,High
Residential,1319.53,411.0,Poor,9.0,39.02,0.51,Hybrid,7.36,2831.82,Medium
Commercial,4053.64,2.0,Average,15.0,22.94,0.77,Hybrid,5.82,2401.76,High
Residential,3464.18,319.0,Average,39.0,13.67,0.73,Gas,7.14,8923.8,Low
Commercial,2741.88,27.0,Average,7.0,25.94,0.75,Gas,2.31,4903.51,Medium
Residential,2999.14,130.0,Average,27.0,2.74,0.54,Hybrid,6.97,4708.84,High
Residential,3736.41,31.0,Average,25.0,35.9,0.84,Gas,8.22,1320.51,Medium
Residential,1528.05,302.0,Poor,20.0,4.78,0.75,Hybrid,6.0,5481.79,Low
Commercial,4983.5,344.0,Poor,23.0,13.11,0.88,Hybrid,4.86,5987.53,High
Residential,4886.57,58.0,Poor,29.0,32.63,0.74,Electric,4.22,6029.57,High
Commercial,3426.47,193.0,Poor,12.0,23.89,0.57,Gas,7.14,7363.28,Medium
Residential,1397.94,229.0,Good,31.0,15.75,0.82,Gas,7.54,2597.34,High
Residential,3561.03,185.0,Poor,41.0,18.94,0.59,Gas,8.97,3270.01,High
Commercial,824.89,61.0,Average,39.0,34.18,0.94,Electric,4.74,8296.57,High
Residential,637.94,210.0,Poor,12.0,13.6,0.81,Electric,8.16,9524.54,High
Residential,1659.57,376.0,Good,12.0,34.79,0.58,Electric,6.49,2223.39,Low
Commercial,2581.8,36.0,Average,17.0,3.53,0.98,Gas,9.06,5478.85,High
Residential,4407.23,41.0,Poor,21.0,31.07,0.76,Gas,6.22,2927.59,Medium
Residential,3772.26,178.0,Poor,23.0,33.9,0.54,Gas,6.14,1540.66,Low
Residential,3842.18,471.0,Poor,36.0,7.27,0.81,Electric,6.62,3929.53,Medium
Residential,2414.72,335.0,Average,8.0,17.21,0.63,Electric,7.99,2293.19,Medium
Commercial,2056.71,340.0,Average,7.0,6.62,0.9,Hybrid,9.72,7389.4,Medium
Commercial,2169.67,182.0,Good,23.0,28.26,0.91,Electric,2.59,5803.53,Low
Residential,4944.42,297.0,Average,36.0,21.41,0.99,Hybrid,2.43,2294.51,Low
Commercial,680.49,6.0,Average,14.0,25.41,0.75,Gas,9.5,1083.17,Low
Residential,4401.64,318.0,Poor,34.0,7.86,0.73,Electric,6.24,8273.41,High
Commercial,3104.04,457.0,Average,17.0,8.47,0.88,Gas,6.92,2585.75,Medium
Residential,2473.77,307.0,Poor,45.0,1.66,0.57,Gas,5.86,6455.95,Low
Residential,3763.66,437.0,Poor,45.0,12.88,0.77,Gas,2.75,4032.3,Medium
Residential,2690.01,362.0,Average,18.0,22.39,0.77,Gas,8.14,6269.37,Low
Residential,4430.4,61.0,Good,15.0,34.32,0.54,Electric,7.98,3840.88,Low
Residential,4553.16,451.0,Good,24.0,26.68,0.71,Gas,4.49,1782.46,Low
Residential,2397.74,34.0,Average,16.0,17.42,0.93,Hybrid,4.45,3006.55,Medium
Commercial,1745.73,267.0,Good,35.0,38.12,0.93,Electric,8.7,2692.53,High
Residential,3165.58,72.0,Poor,42.0,28.77,0.55,Gas,2.58,4852.17,Low
Commercial,4605.64,7.0,Poor,35.0,37.21,0.55,Electric,9.05,6924.55,Low
Residential,1447.98,212.0,Average,42.0,21.1,0.63,Hybrid,4.05,3374.25,Low
Commercial,3303.35,148.0,Good,23.0,10.36,0.94,Gas,6.74,1108.63,High
Commercial,3342.02,244.0,Good,12.0,2.11,0.56,Hybrid,9.49,5670.44,Medium
Commercial,3799.01,289.0,Poor,38.0,29.04,0.86,Gas,7.42,6451.84,Medium
Residential,1092.05,23.0,Average,21.0,4.85,0.55,Hybrid,5.32,9665.83,Medium
Residential,3721.21,62.0,Good,35.0,12.11,0.81,Gas,7.52,6305.24,Medium
Commercial,4590.65,280.0,Average,17.0,21.3,0.68,Electric,4.75,5240.55,Low
Residential,1308.57,172.0,Good,9.0,22.58,0.89,Gas,4.22,6160.61,High
Commercial,1568.94,365.0,Poor,50.0,24.02,0.62,Electric,9.97,9351.11,Low
Residential,4871.28,326.0,Poor,12.0,6.65,0.82,Gas,8.01,8455.4,High
Commercial,1314.4,423.0,Average,49.0,15.19,0.62,Gas,7.16,3906.81,Medium
Commercial,4344.73,347.0,Poor,49.0,24.69,0.86,Hybrid,4.84,3135.29,High
Residential,2715.25,216.0,Good,41.0,38.79,0.94,Hybrid,2.39,3363.7,Low
Commercial,1612.54,337.0,Poor,35.0,29.11,0.56,Hybrid,2.25,5539.79,Low
Residential,4418.37,138.0,Average,31.0,36.9,0.93,Gas,6.43,7696.45,Medium
Commercial,2503.87,154.0,Average,44.0,30.49,0.8,Gas,8.1,5528.97,Low
Commercial,2816.68,395.0,Average,18.0,23.67,0.56,Gas,6.3,1610.17,Low
Residential,2116.55,224.0,Good,26.0,7.68,0.71,Electric,8.73,7512.23,High
Residential,3168.28,399.0,Good,33.0,26.67,0.58,Electric,2.27,8253.73,Low
Residential,1235.86,411.0,Good,24.0,24.94,0.85,Gas,4.93,3605.48,Medium
Commercial,2259.87,429.0,Good,24.0,24.1,0.88,Hybrid,3.9,6977.13,Medium
Residential,4862.36,458.0,Good,20.0,19.59,0.55,Hybrid,5.58,4839.33,Low
Commercial,1661.6,216.0,Poor,30.0,21.15,0.75,Hybrid,2.58,9002.07,Medium
Commercial,3455.31,160.0,Good,43.0,13.38,0.91,Gas,9.63,8607.03,High
Residential,1963.36,292.0,Good,14.0,20.77,0.97,Hybrid,3.79,5728.89,High
Residential,3980.63,186.0,Poor,47.0,7.9,0.76,Gas,9.38,7223.55,Low
Commercial,1088.93,301.0,Good,36.0,32.21,0.98,Electric,5.41,8950.15,Low
Commercial,4864.19,353.0,Average,42.0,7.43,0.77,Hybrid,9.88,5461.45,High
Residential,2542.05,345.0,Good,30.0,3.4,0.7,Electric,6.43,3819.26,Medium
Residential,1562.23,188.0,Good,40.0,17.45,0.92,Hybrid,9.45,7783.0,Low
Residential,830.74,84.0,Average,6.0,26.33,0.75,Gas,2.04,2980.6,Low
Residential,1263.91,216.0,Average,42.0,17.51,0.74,Gas,7.99,4496.78,Medium
Residential,2838.98,72.0,Average,7.0,11.07,0.75,Gas,9.22,8791.55,Low
Commercial,2016.51,445.0,Average,45.0,22.33,0.92,Gas,3.12,7519.8,Medium
Commercial,4229.98,174.0,Good,50.0,13.88,0.92,Hybrid,2.77,4634.3,Medium
Commercial,2438.99,78.0,Average,18.0,37.31,0.7,Electric,5.4,2932.7,Medium
Commercial,1619.21,14.0,Average,14.0,36.91,0.67,Gas,9.47,4203.72,Medium
Residential,3277.15,323.0,Poor,39.0,20.09,0.75,Hybrid,6.34,3556.94,Medium
Residential,3680.5,319.0,Average,16.0,13.12,0.79,Electric,6.22,2584.8,High
Residential,1251.69,171.0,Average,44.0,29.49,0.62,Gas,3.13,7690.0,Medium
Commercial,1254.29,37.0,Poor,10.0,1.47,0.9,Electric,2.01,3268.63,High
Commercial,665.02,205.0,Poor,11.0,18.99,0.74,Gas,8.48,5087.51,Medium
Residential,3813.81,156.0,Good,49.0,13.45,0.67,Electric,2.7,4472.74,Low
Residential,3487.12,339.0,Poor,35.0,36.82,0.55,Electric,7.07,9838.7,High
Commercial,2635.84,303.0,Good,43.0,0.48,0.62,Gas,9.32,4519.83,Low
Commercial,4298.77,183.0,Poor,20.0,22.11,0.97,Hybrid,3.67,1719.84,Medium
Residential,4125.52,110.0,Poor,35.0,29.63,0.65,Electric,7.32,1808.43,Medium
Residential,3134.09,494.0,Good,32.0,19.4,0.58,Gas,2.63,6316.78,Low
Commercial,4407.22,228.0,Poor,32.0,3.42,0.73,Electric,6.83,6394.27,Medium
Residential,1426.29,344.0,Good,36.0,38.9,0.65,Electric,3.31,4768.83,Low
Residential,1003.64,71.0,Poor,31.0,20.72,0.52,Hybrid,7.89,4886.59,Medium
Residential,1713.87,243.0,Average,24.0,24.57,0.66,Electric,4.41,1485.39,Medium
Commercial,756.89,15.0,Poor,17.0,9.46,0.77,Electric,5.71,5648.92,High
Commercial,2890.26,253.0,Good,40.0,19.34,0.78,Gas,6.8,5542.66,Low
Commercial,4714.73,482.0,Poor,15.0,17.17,0.68,Gas,3.37,2345.94,Medium
Commercial,677.05,193.0,Good,36.0,3.0,0.72,Hybrid,7.93,1934.55,Low
Commercial,1049.49,20.0,Good,15.0,4.25,0.98,Electric,4.42,2112.15,High
Commercial,2534.9,16.0,Average,33.0,33.5,0.69,Electric,7.3,1909.25,Low
Commercial,4702.44,195.0,Average,39.0,9.59,0.63,Electric,3.27,6487.37,High
Residential,1922.7,81.0,Good,15.0,7.8,0.62,Hybrid,7.5,2768.34,Low
Residential,2782.56,13.0,Poor,8.0,20.2,0.73,Electric,3.03,3262.87,Low
Residential,687.08,378.0,Good,11.0,30.75,0.88,Gas,5.4,2562.15,High
Residential,1167.54,230.0,Good,32.0,2.48,0.6,Hybrid,3.98,9620.52,Medium
Residential,4939.84,145.0,Poor,43.0,23.07,0.85,Gas,7.99,8691.56,Medium
Residential,4843.03,450.0,Poor,7.0,4.77,0.51,Gas,4.1,3074.45,Medium
Residential,522.23,59.0,Poor,38.0,1.46,0.71,Hybrid,9.05,3948.1,Low
Commercial,4783.15,478.0,Poor,20.0,2.11,0.89,Gas,9.13,2889.04,Low
Commercial,3376.04,158.0,Good,27.0,33.37,0.67,Electric,3.57,5426.88,Medium
Residential,4405.63,444.0,Good,47.0,4.72,0.78,Hybrid,6.91,1176.49,Low
Residential,2546.33,302.0,Average,20.0,1.81,0.6,Gas,2.7,7042.31,Low
Commercial,2820.18,414.0,Good,26.0,17.52,0.87,Electric,5.13,5708.42,Medium
Residential,2699.81,492.0,Poor,6.0,33.76,0.53,Electric,7.71,9087.75,High
Residential,3500.89,145.0,Average,9.0,10.5,0.93,Gas,7.28,2479.53,Low
Commercial,1128.43,481.0,Poor,17.0,16.87,0.6,Electric,7.0,8236.98,Low
Residential,634.88,195.0,Good,6.0,1.6,0.94,Hybrid,4.26,8127.65,Low
Commercial,1885.68,193.0,Average,33.0,17.96,0.68,Gas,5.02,2144.63,Low
Residential,3671.06,171.0,Poor,24.0,23.1,0.86,Electric,2.82,4587.03,High
Commercial,1408.34,271.0,Average,30.0,22.84,0.66,Electric,7.75,2531.37,Medium
Commercial,3530.45,78.0,Average,13.0,13.3,0.95,Gas,6.03,3292.48,Low
Commercial,4864.6,277.0,Good,18.0,12.62,0.56,Gas,7.67,3369.22,Medium
Residential,922.55,271.0,Poor,35.0,4.26,0.59,Gas,3.99,6006.13,Low
Commercial,3526.71,381.0,Average,48.0,14.67,0.75,Gas,4.6,4702.7,High
Residential,2496.88,417.0,Average,7.0,3.98,0.54,Hybrid,4.67,9529.6,Medium
Residential,4406.64,221.0,Poor,45.0,30.66,0.6,Gas,2.21,2137.33,High
Residential,1297.17,152.0,Average,31.0,38.65,0.97,Hybrid,4.73,9763.23,Low
Residential,3616.82,130.0,Average,30.0,38.8,0.99,Hybrid,8.43,3075.75,High
Commercial,4271.52,98.0,Average,28.0,34.6,0.69,Gas,9.18,7955.87,High
Commercial,4750.76,30.0,Poor,8.0,24.03,0.96,Hybrid,6.15,4050.73,Low
Residential,3574.62,172.0,Poor,9.0,28.03,0.77,Gas,5.64,2287.73,Low
Residential,2737.29,136.0,Poor,32.0,11.41,0.63,Gas,2.25,8721.0,Medium
Commercial,3280.31,483.0,Poor,20.0,25.23,0.85,Electric,9.03,3779.75,Low
Residential,4410.07,279.0,Good,46.0,18.23,0.83,Gas,2.1,6929.7,Medium
Commercial,3067.74,174.0,Average,23.0,19.28,0.99,Electric,9.56,6097.99,High
Residential,636.74,291.0,Poor,11.0,30.31,0.63,Hybrid,5.91,5245.81,High
Residential,4689.27,70.0,Average,37.0,11.28,0.84,Electric,4.74,5462.38,Medium
Commercial,3602.87,223.0,Average,18.0,12.72,0.53,Hybrid,9.39,7590.14,Low
Residential,3544.31,313.0,Good,29.0,36.99,0.56,Gas,2.2,1789.96,Low
Commercial,1470.54,245.0,Poor,36.0,2.25,0.5,Hybrid,6.65,7013.63,High
Residential,3464.98,201.0,Poor,46.0,19.43,1.0,Hybrid,6.39,9062.31,Medium
Residential,2272.39,497.0,Average,41.0,36.51,0.9,Gas,3.75,1520.09,High
Residential,3430.55,440.0,Poor,35.0,24.41,0.89,Hybrid,5.43,2265.88,High
Commercial,979.67,312.0,Average,36.0,21.86,0.75,Gas,7.22,7449.69,Low
Residential,3460.3,285.0,Average,48.0,9.99,0.65,Electric,7.82,4935.53,Medium
Residential,4997.36,311.0,Good,18.0,13.73,0.58,Gas,2.01,4631.94,High
Residential,716.95,101.0,Good,5.0,34.08,0.64,Gas,9.49,2232.7,Low
Residential,4897.28,198.0,Good,17.0,22.37,0.69,Hybrid,3.32,5560.93,High
Commercial,2331.09,21.0,Average,15.0,20.59,0.88,Electric,3.87,2138.91,High
Commercial,4418.39,238.0,Poor,35.0,3.98,0.77,Gas,4.11,5289.58,Low
Residential,4020.73,272.0,Good,34.0,0.64,0.54,Electric,2.3,7872.54,Low
Commercial,3051.57,115.0,Poor,32.0,38.55,0.51,Electric,2.98,3324.38,Medium
Residential,3823.02,482.0,Good,6.0,15.08,0.55,Hybrid,9.89,5327.08,High
Residential,4453.32,455.0,Good,38.0,24.13,0.71,Gas,4.52,9928.14,Medium
Residential,2318.63,361.0,Average,20.0,3.19,0.97,Hybrid,2.92,7179.85,Low
Commercial,1971.65,267.0,Good,35.0,27.32,0.82,Gas,2.86,8572.21,Low
Commercial,3504.17,435.0,Good,30.0,37.3,0.9,Electric,7.76,4733.63,High
Commercial,4135.31,66.0,Average,20.0,23.03,0.73,Gas,8.84,7910.75,Medium
Commercial,3930.28,395.0,Poor,11.0,5.04,0.68,Gas,4.06,1364.58,Medium
Commercial,4090.16,63.0,Good,9.0,23.27,0.55,Electric,2.17,2106.2,High
Commercial,2460.12,397.0,Average,42.0,30.65,0.94,Electric,3.78,2827.64,High
Commercial,4180.25,139.0,Good,46.0,16.26,0.89,Gas,2.45,4617.57,Medium
Commercial,1040.94,439.0,Average,34.0,35.19,0.58,Hybrid,2.83,8611.7,Low
Commercial,2950.2,472.0,Poor,10.0,25.95,0.76,Gas,5.45,4116.39,Low
Residential,525.91,75.0,Poor,23.0,35.97,0.74,Electric,3.84,6891.59,High
Commercial,1960.64,232.0,Average,38.0,24.94,0.81,Hybrid,6.13,7383.83,Medium
Commercial,2149.08,491.0,Average,40.0,5.25,0.97,Electric,4.03,6275.64,Medium
Commercial,2282.78,242.0,Average,10.0,12.39,0.79,Electric,9.52,4215.18,Medium
Commercial,3629.6,432.0,Poor,5.0,8.07,0.77,Hybrid,9.25,6193.48,Low
Commercial,2248.51,295.0,Good,37.0,36.35,0.53,Electric,6.53,4080.39,Low
Commercial,2519.12,188.0,Poor,21.0,30.42,0.53,Electric,4.84,1754.86,Medium
Commercial,1568.95,144.0,Average,16.0,27.06,0.59,Electric,5.05,9935.24,Medium
Commercial,2179.63,102.0,Average,6.0,12.04,0.52,Electric,5.29,2144.64,High
Commercial,1522.71,381.0,Poor,29.0,7.36,0.87,Electric,7.82,1651.14,High
Commercial,829.38,194.0,Average,43.0,30.26,0.86,Electric,5.61,8906.78,Medium
Commercial,3215.52,256.0,Poor,48.0,18.97,0.57,Electric,8.85,3716.51,Medium
Residential,3506.96,247.0,Average,30.0,9.03,0.92,Electric,9.55,6852.67,Low
Residential,3287.71,289.0,Good,28.0,24.66,0.58,Electric,4.69,3961.05,Medium
Commercial,2585.72,433.0,Good,9.0,1.61,0.65,Gas,6.49,4523.09,High
Commercial,2209.04,490.0,Average,30.0,13.05,0.62,Gas,2.76,3359.02,Low
Residential,4385.0,204.0,Poor,22.0,18.74,0.69,Electric,3.6,4087.4,High
